action,timestamp,output,input,setpoint,setdegree,heading
rotate,1460731409055,NaN,100,0,281.83283950594205,181.83283950594205
rotate,1460731409066,255,100,0,281.83283950594205,181.83283950594205
rotate,1460731409073,255,100,0,281.83283950594205,181.83283950594205
rotate,1460731409080,255,100,0,281.83283950594205,181.83283950594205
rotate,1460731409085,255,100,0,281.83283950594205,181.83283950594205
rotate,1460731409092,255,100,0,281.83283950594205,181.83283950594205
rotate,1460731409099,255,100,0,281.83283950594205,181.83283950594205
rotate,1460731409105,255,100,0,281.83283950594205,181.83283950594205
rotate,1460731409110,255,100,0,281.83283950594205,181.83283950594205
rotate,1460731409115,255,100,0,281.83283950594205,181.83283950594205
rotate,1460731409120,255,100,0,281.83283950594205,181.83283950594205
rotate,1460731409125,255,100,0,281.83283950594205,181.83283950594205
rotate,1460731409132,255,93.13733662851729,0,281.83283950594205,188.69550287742476
rotate,1460731409137,255,93.13733662851729,0,281.83283950594205,188.69550287742476
rotate,1460731409142,255,93.13733662851729,0,281.83283950594205,188.69550287742476
rotate,1460731409148,255,93.13733662851729,0,281.83283950594205,188.69550287742476
rotate,1460731409154,255,93.13733662851729,0,281.83283950594205,188.69550287742476
rotate,1460731409159,255,93.13733662851729,0,281.83283950594205,188.69550287742476
rotate,1460731409164,255,93.13733662851729,0,281.83283950594205,188.69550287742476
rotate,1460731409169,255,93.13733662851729,0,281.83283950594205,188.69550287742476
rotate,1460731409174,255,93.13733662851729,0,281.83283950594205,188.69550287742476
rotate,1460731409179,255,89.78205462253248,0,281.83283950594205,192.05078488340956
rotate,1460731409186,255,89.78205462253248,0,281.83283950594205,192.05078488340956
rotate,1460731409193,255,89.78205462253248,0,281.83283950594205,192.05078488340956
rotate,1460731409198,255,89.78205462253248,0,281.83283950594205,192.05078488340956
rotate,1460731409203,255,89.78205462253248,0,281.83283950594205,192.05078488340956
rotate,1460731409210,255,89.78205462253248,0,281.83283950594205,192.05078488340956
rotate,1460731409215,255,89.78205462253248,0,281.83283950594205,192.05078488340956
rotate,1460731409220,255,89.78205462253248,0,281.83283950594205,192.05078488340956
rotate,1460731409225,255,89.78205462253248,0,281.83283950594205,192.05078488340956
rotate,1460731409230,255,89.78205462253248,0,281.83283950594205,192.05078488340956
rotate,1460731409235,255,89.78205462253248,0,281.83283950594205,192.05078488340956
rotate,1460731409242,255,89.78205462253248,0,281.83283950594205,192.05078488340956
rotate,1460731409247,255,89.78205462253248,0,281.83283950594205,192.05078488340956
rotate,1460731409255,255,75.26778832886404,0,281.83283950594205,206.565051177078
rotate,1460731409260,255,75.26778832886404,0,281.83283950594205,206.565051177078
rotate,1460731409265,255,75.26778832886404,0,281.83283950594205,206.565051177078
rotate,1460731409270,255,75.26778832886404,0,281.83283950594205,206.565051177078
rotate,1460731409275,255,75.26778832886404,0,281.83283950594205,206.565051177078
rotate,1460731409280,255,75.26778832886404,0,281.83283950594205,206.565051177078
rotate,1460731409285,255,75.26778832886404,0,281.83283950594205,206.565051177078
rotate,1460731409290,255,75.26778832886404,0,281.83283950594205,206.565051177078
rotate,1460731409295,255,75.26778832886404,0,281.83283950594205,206.565051177078
rotate,1460731409300,255,75.26778832886404,0,281.83283950594205,206.565051177078
rotate,1460731409306,255,75.26778832886404,0,281.83283950594205,206.565051177078
rotate,1460731409311,255,75.26778832886404,0,281.83283950594205,206.565051177078
rotate,1460731409316,255,75.26778832886404,0,281.83283950594205,206.565051177078
rotate,1460731409328,255,74.63471155743295,0,281.83283950594205,207.1981279485091
rotate,1460731409332,255,74.63471155743295,0,281.83283950594205,207.1981279485091
rotate,1460731409338,255,74.63471155743295,0,281.83283950594205,207.1981279485091
rotate,1460731409344,255,74.63471155743295,0,281.83283950594205,207.1981279485091
rotate,1460731409349,255,74.63471155743295,0,281.83283950594205,207.1981279485091
rotate,1460731409354,255,74.63471155743295,0,281.83283950594205,207.1981279485091
rotate,1460731409359,255,74.63471155743295,0,281.83283950594205,207.1981279485091
rotate,1460731409364,255,74.63471155743295,0,281.83283950594205,207.1981279485091
rotate,1460731409369,255,74.63471155743295,0,281.83283950594205,207.1981279485091
rotate,1460731409374,255,74.63471155743295,0,281.83283950594205,207.1981279485091
rotate,1460731409381,255,63.71077448489419,0,281.83283950594205,218.12206502104786
rotate,1460731409386,255,63.71077448489419,0,281.83283950594205,218.12206502104786
rotate,1460731409395,255,63.71077448489419,0,281.83283950594205,218.12206502104786
rotate,1460731409400,255,63.71077448489419,0,281.83283950594205,218.12206502104786
rotate,1460731409405,255,60.39437259490518,0,281.83283950594205,221.43846691103687
rotate,1460731409410,255,60.39437259490518,0,281.83283950594205,221.43846691103687
rotate,1460731409415,255,60.39437259490518,0,281.83283950594205,221.43846691103687
rotate,1460731409420,255,60.39437259490518,0,281.83283950594205,221.43846691103687
rotate,1460731409428,255,60.39437259490518,0,281.83283950594205,221.43846691103687
rotate,1460731409435,255,60.39437259490518,0,281.83283950594205,221.43846691103687
rotate,1460731409440,255,60.39437259490518,0,281.83283950594205,221.43846691103687
rotate,1460731409445,255,60.39437259490518,0,281.83283950594205,221.43846691103687
rotate,1460731409450,255,60.39437259490518,0,281.83283950594205,221.43846691103687
rotate,1460731409455,255,50.44724699337496,0,281.83283950594205,231.3855925125671
rotate,1460731409460,255,50.44724699337496,0,281.83283950594205,231.3855925125671
rotate,1460731409465,255,50.44724699337496,0,281.83283950594205,231.3855925125671
rotate,1460731409470,255,50.44724699337496,0,281.83283950594205,231.3855925125671
rotate,1460731409475,255,50.44724699337496,0,281.83283950594205,231.3855925125671
rotate,1460731409482,255,50.44724699337496,0,281.83283950594205,231.3855925125671
rotate,1460731409488,255,50.44724699337496,0,281.83283950594205,231.3855925125671
rotate,1460731409494,255,50.44724699337496,0,281.83283950594205,231.3855925125671
rotate,1460731409499,255,50.44724699337496,0,281.83283950594205,231.3855925125671
rotate,1460731409504,255,49.70782315704028,0,281.83283950594205,232.12501634890177
rotate,1460731409509,255,49.70782315704028,0,281.83283950594205,232.12501634890177
rotate,1460731409514,255,49.70782315704028,0,281.83283950594205,232.12501634890177
rotate,1460731409519,255,49.70782315704028,0,281.83283950594205,232.12501634890177
rotate,1460731409524,255,49.70782315704028,0,281.83283950594205,232.12501634890177
rotate,1460731409528,255,49.70782315704028,0,281.83283950594205,232.12501634890177
rotate,1460731409534,255,49.70782315704028,0,281.83283950594205,232.12501634890177
rotate,1460731409539,255,49.70782315704028,0,281.83283950594205,232.12501634890177
rotate,1460731409544,255,49.70782315704028,0,281.83283950594205,232.12501634890177
rotate,1460731409549,255,49.70782315704028,0,281.83283950594205,232.12501634890177
rotate,1460731409553,255,49.70782315704028,0,281.83283950594205,232.12501634890177
rotate,1460731409559,255,49.70782315704028,0,281.83283950594205,232.12501634890177
rotate,1460731409564,255,49.70782315704028,0,281.83283950594205,232.12501634890177
rotate,1460731409569,255,49.70782315704028,0,281.83283950594205,232.12501634890177
rotate,1460731409575,255,49.70782315704028,0,281.83283950594205,232.12501634890177
rotate,1460731409580,255,42.600243895404674,0,281.83283950594205,239.23259561053737
rotate,1460731409585,255,42.600243895404674,0,281.83283950594205,239.23259561053737
rotate,1460731409590,255,42.600243895404674,0,281.83283950594205,239.23259561053737
rotate,1460731409595,255,42.600243895404674,0,281.83283950594205,239.23259561053737
rotate,1460731409604,255,42.600243895404674,0,281.83283950594205,239.23259561053737
rotate,1460731409609,255,42.600243895404674,0,281.83283950594205,239.23259561053737
rotate,1460731409614,255,42.600243895404674,0,281.83283950594205,239.23259561053737
rotate,1460731409619,255,42.600243895404674,0,281.83283950594205,239.23259561053737
rotate,1460731409624,255,42.600243895404674,0,281.83283950594205,239.23259561053737
rotate,1460731409628,255,42.600243895404674,0,281.83283950594205,239.23259561053737
rotate,1460731409636,255,42.600243895404674,0,281.83283950594205,239.23259561053737
rotate,1460731409641,255,42.600243895404674,0,281.83283950594205,239.23259561053737
rotate,1460731409646,255,42.600243895404674,0,281.83283950594205,239.23259561053737
rotate,1460731409651,255,42.600243895404674,0,281.83283950594205,239.23259561053737
rotate,1460731409656,255,35.605188317306755,0,281.83283950594205,246.2276511886353
rotate,1460731409661,255,35.605188317306755,0,281.83283950594205,246.2276511886353
rotate,1460731409666,255,35.605188317306755,0,281.83283950594205,246.2276511886353
rotate,1460731409671,255,35.605188317306755,0,281.83283950594205,246.2276511886353
rotate,1460731409676,255,35.605188317306755,0,281.83283950594205,246.2276511886353
rotate,1460731409681,255,35.605188317306755,0,281.83283950594205,246.2276511886353
rotate,1460731409686,255,35.605188317306755,0,281.83283950594205,246.2276511886353
rotate,1460731409691,255,35.605188317306755,0,281.83283950594205,246.2276511886353
rotate,1460731409696,255,35.605188317306755,0,281.83283950594205,246.2276511886353
rotate,1460731409701,255,35.605188317306755,0,281.83283950594205,246.2276511886353
rotate,1460731409706,255,35.605188317306755,0,281.83283950594205,246.2276511886353
rotate,1460731409711,255,35.605188317306755,0,281.83283950594205,246.2276511886353
rotate,1460731409716,255,35.605188317306755,0,281.83283950594205,246.2276511886353
rotate,1460731409721,255,35.605188317306755,0,281.83283950594205,246.2276511886353
rotate,1460731409726,255,35.605188317306755,0,281.83283950594205,246.2276511886353
rotate,1460731409731,255,34.57225728937203,0,281.83283950594205,247.26058221657001
rotate,1460731409736,255,34.57225728937203,0,281.83283950594205,247.26058221657001
rotate,1460731409741,255,34.57225728937203,0,281.83283950594205,247.26058221657001
rotate,1460731409746,255,34.57225728937203,0,281.83283950594205,247.26058221657001
rotate,1460731409756,255,34.57225728937203,0,281.83283950594205,247.26058221657001
rotate,1460731409765,255,34.57225728937203,0,281.83283950594205,247.26058221657001
rotate,1460731409770,255,34.57225728937203,0,281.83283950594205,247.26058221657001
rotate,1460731409775,255,34.57225728937203,0,281.83283950594205,247.26058221657001
rotate,1460731409780,255,33.503287438618486,0,281.83283950594205,248.32955206732356
rotate,1460731409786,255,33.503287438618486,0,281.83283950594205,248.32955206732356
rotate,1460731409792,255,33.503287438618486,0,281.83283950594205,248.32955206732356
rotate,1460731409797,255,33.503287438618486,0,281.83283950594205,248.32955206732356
rotate,1460731409802,255,33.503287438618486,0,281.83283950594205,248.32955206732356
rotate,1460731409807,255,33.503287438618486,0,281.83283950594205,248.32955206732356
rotate,1460731409812,255,33.503287438618486,0,281.83283950594205,248.32955206732356
rotate,1460731409817,255,33.503287438618486,0,281.83283950594205,248.32955206732356
rotate,1460731409822,255,33.503287438618486,0,281.83283950594205,248.32955206732356
rotate,1460731409827,255,33.503287438618486,0,281.83283950594205,248.32955206732356
rotate,1460731409832,255,33.503287438618486,0,281.83283950594205,248.32955206732356
rotate,1460731409837,255,33.503287438618486,0,281.83283950594205,248.32955206732356
rotate,1460731409842,255,33.503287438618486,0,281.83283950594205,248.32955206732356
rotate,1460731409847,255,33.503287438618486,0,281.83283950594205,248.32955206732356
rotate,1460731409852,255,33.503287438618486,0,281.83283950594205,248.32955206732356
rotate,1460731409857,255,25.66401663577591,0,281.83283950594205,256.16882287016614
rotate,1460731409862,255,25.66401663577591,0,281.83283950594205,256.16882287016614
rotate,1460731409867,255,25.66401663577591,0,281.83283950594205,256.16882287016614
rotate,1460731409872,255,25.66401663577591,0,281.83283950594205,256.16882287016614
rotate,1460731409877,255,25.66401663577591,0,281.83283950594205,256.16882287016614
rotate,1460731409882,255,25.66401663577591,0,281.83283950594205,256.16882287016614
rotate,1460731409887,255,25.66401663577591,0,281.83283950594205,256.16882287016614
rotate,1460731409892,255,25.66401663577591,0,281.83283950594205,256.16882287016614
rotate,1460731409897,255,25.66401663577591,0,281.83283950594205,256.16882287016614
rotate,1460731409902,255,25.66401663577591,0,281.83283950594205,256.16882287016614
rotate,1460731409907,249.5668584592147,24.95668584592147,0,281.83283950594205,256.8761536600206
rotate,1460731409912,249.5668584592147,24.95668584592147,0,281.83283950594205,256.8761536600206
rotate,1460731409917,249.5668584592147,24.95668584592147,0,281.83283950594205,256.8761536600206
rotate,1460731409922,249.5668584592147,24.95668584592147,0,281.83283950594205,256.8761536600206
rotate,1460731409927,249.5668584592147,24.95668584592147,0,281.83283950594205,256.8761536600206
rotate,1460731409932,249.5668584592147,24.95668584592147,0,281.83283950594205,256.8761536600206
rotate,1460731409937,249.5668584592147,24.95668584592147,0,281.83283950594205,256.8761536600206
rotate,1460731409942,249.5668584592147,24.95668584592147,0,281.83283950594205,256.8761536600206
rotate,1460731409947,249.5668584592147,24.95668584592147,0,281.83283950594205,256.8761536600206
rotate,1460731409952,249.5668584592147,24.95668584592147,0,281.83283950594205,256.8761536600206
rotate,1460731409957,249.5668584592147,24.95668584592147,0,281.83283950594205,256.8761536600206
rotate,1460731409962,249.5668584592147,24.95668584592147,0,281.83283950594205,256.8761536600206
rotate,1460731409967,249.5668584592147,24.95668584592147,0,281.83283950594205,256.8761536600206
rotate,1460731409972,249.5668584592147,24.95668584592147,0,281.83283950594205,256.8761536600206
rotate,1460731409977,249.5668584592147,24.95668584592147,0,281.83283950594205,256.8761536600206
rotate,1460731409982,234.66473504882515,23.466473504882515,0,281.83283950594205,258.36636600105953
rotate,1460731409987,234.66473504882515,23.466473504882515,0,281.83283950594205,258.36636600105953
rotate,1460731409992,234.66473504882515,23.466473504882515,0,281.83283950594205,258.36636600105953
rotate,1460731409997,234.66473504882515,23.466473504882515,0,281.83283950594205,258.36636600105953
rotate,1460731410002,234.66473504882515,23.466473504882515,0,281.83283950594205,258.36636600105953
rotate,1460731410007,234.66473504882515,23.466473504882515,0,281.83283950594205,258.36636600105953
rotate,1460731410012,234.66473504882515,23.466473504882515,0,281.83283950594205,258.36636600105953
rotate,1460731410017,234.66473504882515,23.466473504882515,0,281.83283950594205,258.36636600105953
rotate,1460731410022,234.66473504882515,23.466473504882515,0,281.83283950594205,258.36636600105953
rotate,1460731410027,234.66473504882515,23.466473504882515,0,281.83283950594205,258.36636600105953
rotate,1460731410032,234.66473504882515,23.466473504882515,0,281.83283950594205,258.36636600105953
rotate,1460731410037,234.66473504882515,23.466473504882515,0,281.83283950594205,258.36636600105953
rotate,1460731410042,234.66473504882515,23.466473504882515,0,281.83283950594205,258.36636600105953
rotate,1460731410047,234.66473504882515,23.466473504882515,0,281.83283950594205,258.36636600105953
rotate,1460731410052,234.66473504882515,23.466473504882515,0,281.83283950594205,258.36636600105953
rotate,1460731410057,190.27664872402624,19.027664872402624,0,281.83283950594205,262.8051746335394
rotate,1460731410062,190.27664872402624,19.027664872402624,0,281.83283950594205,262.8051746335394
rotate,1460731410067,190.27664872402624,19.027664872402624,0,281.83283950594205,262.8051746335394
rotate,1460731410072,190.27664872402624,19.027664872402624,0,281.83283950594205,262.8051746335394
rotate,1460731410077,190.27664872402624,19.027664872402624,0,281.83283950594205,262.8051746335394
rotate,1460731410082,190.27664872402624,19.027664872402624,0,281.83283950594205,262.8051746335394
rotate,1460731410093,190.27664872402624,19.027664872402624,0,281.83283950594205,262.8051746335394
rotate,1460731410097,190.27664872402624,19.027664872402624,0,281.83283950594205,262.8051746335394
rotate,1460731410102,190.27664872402624,19.027664872402624,0,281.83283950594205,262.8051746335394
rotate,1460731410108,190.27664872402624,19.027664872402624,0,281.83283950594205,262.8051746335394
rotate,1460731410112,190.27664872402624,19.027664872402624,0,281.83283950594205,262.8051746335394
rotate,1460731410118,190.27664872402624,19.027664872402624,0,281.83283950594205,262.8051746335394
rotate,1460731410123,190.27664872402624,19.027664872402624,0,281.83283950594205,262.8051746335394
rotate,1460731410128,190.27664872402624,19.027664872402624,0,281.83283950594205,262.8051746335394
rotate,1460731410133,151.26804493787176,15.126804493787176,0,281.83283950594205,266.70603501215487
rotate,1460731410138,151.26804493787176,15.126804493787176,0,281.83283950594205,266.70603501215487
rotate,1460731410143,151.26804493787176,15.126804493787176,0,281.83283950594205,266.70603501215487
rotate,1460731410148,151.26804493787176,15.126804493787176,0,281.83283950594205,266.70603501215487
rotate,1460731410153,151.26804493787176,15.126804493787176,0,281.83283950594205,266.70603501215487
rotate,1460731410158,151.26804493787176,15.126804493787176,0,281.83283950594205,266.70603501215487
rotate,1460731410163,151.26804493787176,15.126804493787176,0,281.83283950594205,266.70603501215487
rotate,1460731410168,151.26804493787176,15.126804493787176,0,281.83283950594205,266.70603501215487
rotate,1460731410173,151.26804493787176,15.126804493787176,0,281.83283950594205,266.70603501215487
rotate,1460731410178,151.26804493787176,15.126804493787176,0,281.83283950594205,266.70603501215487
rotate,1460731410183,118.32839505942047,11.832839505942047,0,281.83283950594205,270
rotate,1460731410188,118.32839505942047,11.832839505942047,0,281.83283950594205,270
rotate,1460731410194,118.32839505942047,11.832839505942047,0,281.83283950594205,270
rotate,1460731410199,118.32839505942047,11.832839505942047,0,281.83283950594205,270
rotate,1460731410204,118.32839505942047,11.832839505942047,0,281.83283950594205,270
rotate,1460731410210,118.32839505942047,11.832839505942047,0,281.83283950594205,270
rotate,1460731410215,118.32839505942047,11.832839505942047,0,281.83283950594205,270
rotate,1460731410220,118.32839505942047,11.832839505942047,0,281.83283950594205,270
rotate,1460731410225,118.32839505942047,11.832839505942047,0,281.83283950594205,270
rotate,1460731410229,118.32839505942047,11.832839505942047,0,281.83283950594205,270
rotate,1460731410234,118.32839505942047,11.832839505942047,0,281.83283950594205,270
rotate,1460731410239,118.32839505942047,11.832839505942047,0,281.83283950594205,270
rotate,1460731410245,118.32839505942047,11.832839505942047,0,281.83283950594205,270
rotate,1460731410250,118.32839505942047,11.832839505942047,0,281.83283950594205,270
rotate,1460731410254,118.32839505942047,7.738113699094299,0,281.83283950594205,274.09472580684775
rotate,1460731410259,77.38113699094299,7.738113699094299,0,281.83283950594205,274.09472580684775
rotate,1460731410264,77.38113699094299,7.738113699094299,0,281.83283950594205,274.09472580684775
rotate,1460731410269,77.38113699094299,7.738113699094299,0,281.83283950594205,274.09472580684775
rotate,1460731410274,77.38113699094299,7.738113699094299,0,281.83283950594205,274.09472580684775
rotate,1460731410280,77.38113699094299,7.738113699094299,0,281.83283950594205,274.09472580684775
rotate,1460731410284,77.38113699094299,7.738113699094299,0,281.83283950594205,274.09472580684775
rotate,1460731410289,77.38113699094299,7.738113699094299,0,281.83283950594205,274.09472580684775
rotate,1460731410294,77.38113699094299,7.738113699094299,0,281.83283950594205,274.09472580684775
rotate,1460731410300,77.38113699094299,7.738113699094299,0,281.83283950594205,274.09472580684775
rotate,1460731410306,85.02573265690728,8.502573265690728,0,281.83283950594205,273.3302662402513
rotate,1460731410311,85.02573265690728,8.502573265690728,0,281.83283950594205,273.3302662402513
rotate,1460731410316,85.02573265690728,8.502573265690728,0,281.83283950594205,273.3302662402513
rotate,1460731410321,85.02573265690728,8.502573265690728,0,281.83283950594205,273.3302662402513
rotate,1460731410326,85.02573265690728,8.502573265690728,0,281.83283950594205,273.3302662402513
rotate,1460731410331,85.02573265690728,8.502573265690728,0,281.83283950594205,273.3302662402513
rotate,1460731410337,85.02573265690728,8.502573265690728,0,281.83283950594205,273.3302662402513
rotate,1460731410343,85.02573265690728,8.502573265690728,0,281.83283950594205,273.3302662402513
rotate,1460731410348,85.02573265690728,8.502573265690728,0,281.83283950594205,273.3302662402513
rotate,1460731410353,85.02573265690728,8.502573265690728,0,281.83283950594205,273.3302662402513
rotate,1460731410358,85.02573265690728,8.502573265690728,0,281.83283950594205,273.3302662402513
rotate,1460731410363,85.02573265690728,8.502573265690728,0,281.83283950594205,273.3302662402513
rotate,1460731410368,85.02573265690728,8.502573265690728,0,281.83283950594205,273.3302662402513
rotate,1460731410373,85.02573265690728,8.502573265690728,0,281.83283950594205,273.3302662402513
rotate,1460731410378,70.89375937119144,7.089375937119144,0,281.83283950594205,274.7434635688229
rotate,1460731410383,70.89375937119144,7.089375937119144,0,281.83283950594205,274.7434635688229
rotate,1460731410388,70.89375937119144,7.089375937119144,0,281.83283950594205,274.7434635688229
rotate,1460731410394,70.89375937119144,7.089375937119144,0,281.83283950594205,274.7434635688229
rotate,1460731410400,70.89375937119144,7.089375937119144,0,281.83283950594205,274.7434635688229
rotate,1460731410405,70.89375937119144,7.089375937119144,0,281.83283950594205,274.7434635688229
rotate,1460731410410,70.89375937119144,7.089375937119144,0,281.83283950594205,274.7434635688229
rotate,1460731410415,70.89375937119144,7.089375937119144,0,281.83283950594205,274.7434635688229
rotate,1460731410420,70.89375937119144,7.089375937119144,0,281.83283950594205,274.7434635688229
rotate,1460731410426,70.89375937119144,7.089375937119144,0,281.83283950594205,274.7434635688229
rotate,1460731410432,70.89375937119144,7.089375937119144,0,281.83283950594205,274.7434635688229
rotate,1460731410438,70.89375937119144,7.089375937119144,0,281.83283950594205,274.7434635688229
rotate,1460731410444,70.89375937119144,7.089375937119144,0,281.83283950594205,274.7434635688229
rotate,1460731410449,70.89375937119144,7.089375937119144,0,281.83283950594205,274.7434635688229
rotate,1460731410455,47.370855546558914,4.737085554655891,0,281.83283950594205,277.09575395128616
rotate,1460731410461,47.370855546558914,4.737085554655891,0,281.83283950594205,277.09575395128616
rotate,1460731410467,47.370855546558914,4.737085554655891,0,281.83283950594205,277.09575395128616
rotate,1460731410472,47.370855546558914,4.737085554655891,0,281.83283950594205,277.09575395128616
rotate,1460731410478,47.370855546558914,4.737085554655891,0,281.83283950594205,277.09575395128616
rotate,1460731410484,47.370855546558914,4.737085554655891,0,281.83283950594205,277.09575395128616
rotate,1460731410491,47.370855546558914,4.737085554655891,0,281.83283950594205,277.09575395128616
rotate,1460731410497,47.370855546558914,4.737085554655891,0,281.83283950594205,277.09575395128616
rotate,1460731410504,47.370855546558914,4.737085554655891,0,281.83283950594205,277.09575395128616
rotate,1460731410510,47.370855546558914,4.737085554655891,0,281.83283950594205,277.09575395128616
rotate,1460731410517,47.370855546558914,4.737085554655891,0,281.83283950594205,277.09575395128616
rotate,1460731410522,47.370855546558914,4.737085554655891,0,281.83283950594205,277.09575395128616
rotate,1460731410527,47.370855546558914,4.737085554655891,0,281.83283950594205,277.09575395128616
rotate,1460731410533,10.266938684133606,1.0266938684133606,0,281.83283950594205,280.8061456375287
rotate,1460731410539,10.266938684133606,1.0266938684133606,0,281.83283950594205,280.8061456375287
rotate,1460731410544,10.266938684133606,1.0266938684133606,0,281.83283950594205,280.8061456375287
rotate,1460731410549,10.266938684133606,1.0266938684133606,0,281.83283950594205,280.8061456375287
rotate,1460731410554,10.266938684133606,1.0266938684133606,0,281.83283950594205,280.8061456375287
rotate,1460731410560,10.266938684133606,1.0266938684133606,0,281.83283950594205,280.8061456375287
rotate,1460731410566,10.266938684133606,1.0266938684133606,0,281.83283950594205,280.8061456375287
rotate,1460731410571,10.266938684133606,1.0266938684133606,0,281.83283950594205,280.8061456375287
rotate,1460731410576,10.266938684133606,1.0266938684133606,0,281.83283950594205,280.8061456375287
rotate,1460731410581,17.57341730199812,1.757341730199812,0,281.83283950594205,280.07549777574224
rotate,1460731410586,17.57341730199812,1.757341730199812,0,281.83283950594205,280.07549777574224
rotate,1460731410593,17.57341730199812,1.757341730199812,0,281.83283950594205,280.07549777574224
rotate,1460731410598,17.57341730199812,1.757341730199812,0,281.83283950594205,280.07549777574224
rotate,1460731410603,17.57341730199812,1.757341730199812,0,281.83283950594205,280.07549777574224
rotate,1460731410608,17.57341730199812,1.757341730199812,0,281.83283950594205,280.07549777574224
rotate,1460731410613,17.57341730199812,1.757341730199812,0,281.83283950594205,280.07549777574224
rotate,1460731410618,17.57341730199812,1.757341730199812,0,281.83283950594205,280.07549777574224
rotate,1460731410623,17.57341730199812,1.757341730199812,0,281.83283950594205,280.07549777574224
rotate,1460731410628,7.502700429124047,0.7502700429124047,0,281.83283950594205,281.08256946302964
rotate,1460731410633,7.502700429124047,0.7502700429124047,0,281.83283950594205,281.08256946302964
rotate,1460731410638,7.502700429124047,0.7502700429124047,0,281.83283950594205,281.08256946302964
rotate,1460731410643,7.502700429124047,0.7502700429124047,0,281.83283950594205,281.08256946302964
rotate,1460731410648,7.502700429124047,0.7502700429124047,0,281.83283950594205,281.08256946302964
rotate,1460731410653,7.502700429124047,0.7502700429124047,0,281.83283950594205,281.08256946302964
rotate,1460731410658,7.502700429124047,0.7502700429124047,0,281.83283950594205,281.08256946302964
rotate,1460731410663,7.502700429124047,0.7502700429124047,0,281.83283950594205,281.08256946302964
rotate,1460731410668,7.502700429124047,0.7502700429124047,0,281.83283950594205,281.08256946302964
rotate,1460731410673,7.502700429124047,0.7502700429124047,0,281.83283950594205,281.08256946302964
rotate,1460731410679,7.502700429124047,0.7502700429124047,0,281.83283950594205,281.08256946302964
rotate,1460731410684,7.502700429124047,0.7502700429124047,0,281.83283950594205,281.08256946302964
rotate,1460731410689,7.502700429124047,0.7502700429124047,0,281.83283950594205,281.08256946302964
rotate,1460731410698,7.502700429124047,0.7502700429124047,0,281.83283950594205,281.08256946302964
rotate,1460731410702,7.502700429124047,0.7502700429124047,0,281.83283950594205,281.08256946302964
rotate,1460731410708,1.1624034704192354,0.11624034704192354,0,281.83283950594205,281.7165991589001
rotate,1460731410713,1.1624034704192354,0.11624034704192354,0,281.83283950594205,281.7165991589001
rotate,1460731410718,1.1624034704192354,0.11624034704192354,0,281.83283950594205,281.7165991589001
rotate,1460731410723,1.1624034704192354,0.11624034704192354,0,281.83283950594205,281.7165991589001
rotate,1460731410727,1.1624034704192354,0.11624034704192354,0,281.83283950594205,281.7165991589001
rotate,1460731410733,1.1624034704192354,0.11624034704192354,0,281.83283950594205,281.7165991589001
rotate,1460731410738,1.1624034704192354,0.11624034704192354,0,281.83283950594205,281.7165991589001
rotate,1460731410743,1.1624034704192354,0.11624034704192354,0,281.83283950594205,281.7165991589001
rotate,1460731410748,1.1624034704192354,0.11624034704192354,0,281.83283950594205,281.7165991589001
rotate,1460731410752,1.1624034704192354,0.11624034704192354,0,281.83283950594205,281.7165991589001
rotate,1460731410758,1.1624034704192354,0.11624034704192354,0,281.83283950594205,281.7165991589001
rotate,1460731410763,1.1624034704192354,0.11624034704192354,0,281.83283950594205,281.7165991589001
rotate,1460731410768,1.1624034704192354,0.11624034704192354,0,281.83283950594205,281.7165991589001
rotate,1460731410773,1.1624034704192354,0.11624034704192354,0,281.83283950594205,281.7165991589001
rotate,1460731410777,1.1624034704192354,0.11624034704192354,0,281.83283950594205,281.7165991589001
rotate,1460731410782,1.0917206359488318,-0.10917206359488318,0,281.83283950594205,281.94201156953693
rotate,1460731410789,1.0917206359488318,-0.10917206359488318,0,281.83283950594205,281.94201156953693
rotate,1460731410794,1.0917206359488318,-0.10917206359488318,0,281.83283950594205,281.94201156953693
rotate,1460731410799,1.0917206359488318,-0.10917206359488318,0,281.83283950594205,281.94201156953693
rotate,1460731410803,1.0917206359488318,-0.10917206359488318,0,281.83283950594205,281.94201156953693
rotate,1460731410808,1.0917206359488318,-0.10917206359488318,0,281.83283950594205,281.94201156953693
rotate,1460731410814,1.0917206359488318,-0.10917206359488318,0,281.83283950594205,281.94201156953693
rotate,1460731410819,1.0917206359488318,-0.10917206359488318,0,281.83283950594205,281.94201156953693
rotate,1460731410824,1.0917206359488318,-0.10917206359488318,0,281.83283950594205,281.94201156953693
rotate,1460731410828,1.0917206359488318,-0.10917206359488318,0,281.83283950594205,281.94201156953693
rotate,1460731410833,1.0917206359488318,-0.10917206359488318,0,281.83283950594205,281.94201156953693
rotate,1460731410839,1.0917206359488318,-0.10917206359488318,0,281.83283950594205,281.94201156953693
rotate,1460731410844,1.0917206359488318,-0.10917206359488318,0,281.83283950594205,281.94201156953693
rotate,1460731410849,1.0917206359488318,-0.10917206359488318,0,281.83283950594205,281.94201156953693
rotate,1460731410854,1.0917206359488318,-0.10917206359488318,0,281.83283950594205,281.94201156953693
rotate,1460731410858,1.0917206359488318,-1.0168113426370837,0,281.83283950594205,282.84965084857913
rotate,1460731410863,10.168113426370837,-1.0168113426370837,0,281.83283950594205,282.84965084857913
rotate,1460731410869,10.168113426370837,-1.0168113426370837,0,281.83283950594205,282.84965084857913
rotate,1460731410874,10.168113426370837,-1.0168113426370837,0,281.83283950594205,282.84965084857913
rotate,1460731410879,10.168113426370837,-1.0168113426370837,0,281.83283950594205,282.84965084857913
rotate,1460731410883,10.168113426370837,-1.0168113426370837,0,281.83283950594205,282.84965084857913
rotate,1460731410888,10.168113426370837,-1.0168113426370837,0,281.83283950594205,282.84965084857913
rotate,1460731410894,10.168113426370837,-1.0168113426370837,0,281.83283950594205,282.84965084857913
rotate,1460731410899,10.168113426370837,-1.0168113426370837,0,281.83283950594205,282.84965084857913
rotate,1460731410904,10.168113426370837,-1.0168113426370837,0,281.83283950594205,282.84965084857913
rotate,1460731410908,10.168113426370837,-0.3978788250444154,0,281.83283950594205,282.23071833098646
rotate,1460731410913,3.978788250444154,-0.3978788250444154,0,281.83283950594205,282.23071833098646
rotate,1460731410919,3.978788250444154,-0.3978788250444154,0,281.83283950594205,282.23071833098646
rotate,1460731410924,3.978788250444154,-0.3978788250444154,0,281.83283950594205,282.23071833098646
rotate,1460731410929,3.978788250444154,-0.3978788250444154,0,281.83283950594205,282.23071833098646
rotate,1460731410933,3.978788250444154,-0.3978788250444154,0,281.83283950594205,282.23071833098646
rotate,1460731410938,3.978788250444154,-0.3978788250444154,0,281.83283950594205,282.23071833098646
rotate,1460731410944,3.978788250444154,-0.3978788250444154,0,281.83283950594205,282.23071833098646
rotate,1460731410949,3.978788250444154,-0.3978788250444154,0,281.83283950594205,282.23071833098646
rotate,1460731410954,3.978788250444154,-0.3978788250444154,0,281.83283950594205,282.23071833098646
rotate,1460731410958,3.978788250444154,-0.3978788250444154,0,281.83283950594205,282.23071833098646
rotate,1460731410963,3.978788250444154,-0.3978788250444154,0,281.83283950594205,282.23071833098646
rotate,1460731410968,3.978788250444154,-0.3978788250444154,0,281.83283950594205,282.23071833098646
rotate,1460731410974,3.978788250444154,-0.3978788250444154,0,281.83283950594205,282.23071833098646
rotate,1460731410979,3.978788250444154,-0.3978788250444154,0,281.83283950594205,282.23071833098646
rotate,1460731410983,3.978788250444154,0.7258428285697391,0,281.83283950594205,281.1069966773723
rotate,1460731410988,7.258428285697391,0.7258428285697391,0,281.83283950594205,281.1069966773723
rotate,1460731410993,7.258428285697391,0.7258428285697391,0,281.83283950594205,281.1069966773723
rotate,1460731410999,7.258428285697391,0.7258428285697391,0,281.83283950594205,281.1069966773723
rotate,1460731411004,7.258428285697391,0.7258428285697391,0,281.83283950594205,281.1069966773723
rotate,1460731411008,7.258428285697391,0.7258428285697391,0,281.83283950594205,281.1069966773723
rotate,1460731411013,7.258428285697391,0.7258428285697391,0,281.83283950594205,281.1069966773723
rotate,1460731411018,7.258428285697391,0.7258428285697391,0,281.83283950594205,281.1069966773723
rotate,1460731411024,7.258428285697391,0.7258428285697391,0,281.83283950594205,281.1069966773723
rotate,1460731411029,7.258428285697391,0.7258428285697391,0,281.83283950594205,281.1069966773723
rotate,1460731411033,7.258428285697391,0.20585852363603863,0,281.83283950594205,281.626980982306
rotate,1460731411038,2.0585852363603863,0.20585852363603863,0,281.83283950594205,281.626980982306
rotate,1460731411043,2.0585852363603863,0.20585852363603863,0,281.83283950594205,281.626980982306
rotate,1460731411049,2.0585852363603863,0.20585852363603863,0,281.83283950594205,281.626980982306
rotate,1460731411054,2.0585852363603863,0.20585852363603863,0,281.83283950594205,281.626980982306
rotate,1460731411059,2.0585852363603863,0.20585852363603863,0,281.83283950594205,281.626980982306
rotate,1460731411063,2.0585852363603863,0.20585852363603863,0,281.83283950594205,281.626980982306
rotate,1460731411068,2.0585852363603863,0.20585852363603863,0,281.83283950594205,281.626980982306
rotate,1460731411073,2.0585852363603863,0.20585852363603863,0,281.83283950594205,281.626980982306
rotate,1460731411079,2.0585852363603863,0.20585852363603863,0,281.83283950594205,281.626980982306
rotate,1460731411084,2.0585852363603863,0.20585852363603863,0,281.83283950594205,281.626980982306
rotate,1460731411088,2.0585852363603863,0.20585852363603863,0,281.83283950594205,281.626980982306
rotate,1460731411093,2.0585852363603863,0.20585852363603863,0,281.83283950594205,281.626980982306
rotate,1460731411098,2.0585852363603863,0.20585852363603863,0,281.83283950594205,281.626980982306
rotate,1460731411104,2.0585852363603863,0.20585852363603863,0,281.83283950594205,281.626980982306
rotate,1460731411109,7.725108289885725,0.7725108289885725,0,281.83283950594205,281.0603286769535
rotate,1460731411113,7.725108289885725,0.7725108289885725,0,281.83283950594205,281.0603286769535
rotate,1460731411118,7.725108289885725,0.7725108289885725,0,281.83283950594205,281.0603286769535
rotate,1460731411123,7.725108289885725,0.7725108289885725,0,281.83283950594205,281.0603286769535
rotate,1460731411129,7.725108289885725,0.7725108289885725,0,281.83283950594205,281.0603286769535
rotate,1460731411134,7.725108289885725,0.7725108289885725,0,281.83283950594205,281.0603286769535
rotate,1460731411138,7.725108289885725,0.7725108289885725,0,281.83283950594205,281.0603286769535
rotate,1460731411143,7.725108289885725,0.7725108289885725,0,281.83283950594205,281.0603286769535
rotate,1460731411148,7.725108289885725,0.7725108289885725,0,281.83283950594205,281.0603286769535
rotate,1460731411154,7.725108289885725,0.7725108289885725,0,281.83283950594205,281.0603286769535
rotate,1460731411159,6.130655405340235,0.6130655405340235,0,281.83283950594205,281.219773965408
rotate,1460731411165,6.130655405340235,0.6130655405340235,0,281.83283950594205,281.219773965408
rotate,1460731411170,6.130655405340235,0.6130655405340235,0,281.83283950594205,281.219773965408
rotate,1460731411175,6.130655405340235,0.6130655405340235,0,281.83283950594205,281.219773965408
rotate,1460731411181,6.130655405340235,0.6130655405340235,0,281.83283950594205,281.219773965408
rotate,1460731411185,6.130655405340235,0.6130655405340235,0,281.83283950594205,281.219773965408
rotate,1460731411190,6.130655405340235,0.6130655405340235,0,281.83283950594205,281.219773965408
rotate,1460731411195,6.130655405340235,0.6130655405340235,0,281.83283950594205,281.219773965408
rotate,1460731411200,6.130655405340235,0.6130655405340235,0,281.83283950594205,281.219773965408
rotate,1460731411206,6.130655405340235,0.6130655405340235,0,281.83283950594205,281.219773965408
rotate,1460731411210,6.130655405340235,0.6130655405340235,0,281.83283950594205,281.219773965408
rotate,1460731411215,6.130655405340235,0.6130655405340235,0,281.83283950594205,281.219773965408
rotate,1460731411220,6.130655405340235,0.6130655405340235,0,281.83283950594205,281.219773965408
rotate,1460731411225,6.130655405340235,0.6130655405340235,0,281.83283950594205,281.219773965408
rotate,1460731411230,6.130655405340235,0.6130655405340235,0,281.83283950594205,281.219773965408
rotate,1460731411236,6.130655405340235,0.6130655405340235,0,281.83283950594205,281.219773965408
rotate,1460731411240,6.130655405340235,0.6130655405340235,0,281.83283950594205,281.219773965408
rotate,1460731411245,6.130655405340235,0.6130655405340235,0,281.83283950594205,281.219773965408
rotate,1460731411250,6.130655405340235,0.6130655405340235,0,281.83283950594205,281.219773965408
rotate,1460731411255,5.229070319218749,0.5229070319218749,0,281.83283950594205,281.3099324740202
rotate,1460731411261,5.229070319218749,0.5229070319218749,0,281.83283950594205,281.3099324740202
rotate,1460731411265,5.229070319218749,0.5229070319218749,0,281.83283950594205,281.3099324740202
rotate,1460731411270,5.229070319218749,0.5229070319218749,0,281.83283950594205,281.3099324740202
rotate,1460731411275,5.229070319218749,0.5229070319218749,0,281.83283950594205,281.3099324740202
rotate,1460731411280,5.229070319218749,0.5229070319218749,0,281.83283950594205,281.3099324740202
rotate,1460731411286,5.229070319218749,0.5229070319218749,0,281.83283950594205,281.3099324740202
rotate,1460731411290,5.229070319218749,0.5229070319218749,0,281.83283950594205,281.3099324740202
rotate,1460731411295,5.229070319218749,0.5229070319218749,0,281.83283950594205,281.3099324740202
rotate,1460731411300,5.229070319218749,0.5229070319218749,0,281.83283950594205,281.3099324740202
rotate,1460731411307,7.258428285697391,0.7258428285697391,0,281.83283950594205,281.1069966773723
rotate,1460731411311,7.258428285697391,0.7258428285697391,0,281.83283950594205,281.1069966773723
rotate,1460731411316,7.258428285697391,0.7258428285697391,0,281.83283950594205,281.1069966773723
rotate,1460731411321,7.258428285697391,0.7258428285697391,0,281.83283950594205,281.1069966773723
rotate,1460731411326,7.258428285697391,0.7258428285697391,0,281.83283950594205,281.1069966773723
rotate,1460731411331,7.258428285697391,0.7258428285697391,0,281.83283950594205,281.1069966773723
rotate,1460731411336,7.258428285697391,0.7258428285697391,0,281.83283950594205,281.1069966773723
rotate,1460731411341,7.258428285697391,0.7258428285697391,0,281.83283950594205,281.1069966773723
rotate,1460731411346,7.258428285697391,0.7258428285697391,0,281.83283950594205,281.1069966773723
rotate,1460731411351,7.258428285697391,0.7258428285697391,0,281.83283950594205,281.1069966773723
rotate,1460731411356,7.258428285697391,0.7258428285697391,0,281.83283950594205,281.1069966773723
rotate,1460731411361,7.258428285697391,0.7258428285697391,0,281.83283950594205,281.1069966773723
rotate,1460731411366,7.258428285697391,0.7258428285697391,0,281.83283950594205,281.1069966773723
rotate,1460731411371,7.258428285697391,0.7258428285697391,0,281.83283950594205,281.1069966773723
rotate,1460731411376,7.258428285697391,0.7258428285697391,0,281.83283950594205,281.1069966773723
rotate,1460731411381,3.4202119401328446,0.34202119401328446,0,281.83283950594205,281.49081831192876
rotate,1460731411386,3.4202119401328446,0.34202119401328446,0,281.83283950594205,281.49081831192876
rotate,1460731411391,3.4202119401328446,0.34202119401328446,0,281.83283950594205,281.49081831192876
rotate,1460731411396,3.4202119401328446,0.34202119401328446,0,281.83283950594205,281.49081831192876
rotate,1460731411401,3.4202119401328446,0.34202119401328446,0,281.83283950594205,281.49081831192876
rotate,1460731411406,3.4202119401328446,0.34202119401328446,0,281.83283950594205,281.49081831192876
rotate,1460731411411,3.4202119401328446,0.34202119401328446,0,281.83283950594205,281.49081831192876
rotate,1460731411416,3.4202119401328446,0.34202119401328446,0,281.83283950594205,281.49081831192876
rotate,1460731411421,3.4202119401328446,0.34202119401328446,0,281.83283950594205,281.49081831192876
rotate,1460731411427,3.4202119401328446,0.34202119401328446,0,281.83283950594205,281.49081831192876
rotate,1460731411432,3.877757270210509,0.3877757270210509,0,281.83283950594205,281.445063778921
rotate,1460731411437,3.877757270210509,0.3877757270210509,0,281.83283950594205,281.445063778921
rotate,1460731411442,3.877757270210509,0.3877757270210509,0,281.83283950594205,281.445063778921
rotate,1460731411447,3.877757270210509,0.3877757270210509,0,281.83283950594205,281.445063778921
rotate,1460731411452,3.877757270210509,0.3877757270210509,0,281.83283950594205,281.445063778921
rotate,1460731411457,3.877757270210509,0.3877757270210509,0,281.83283950594205,281.445063778921
rotate,1460731411462,3.877757270210509,0.3877757270210509,0,281.83283950594205,281.445063778921
rotate,1460731411467,3.877757270210509,0.3877757270210509,0,281.83283950594205,281.445063778921
rotate,1460731411472,3.877757270210509,0.3877757270210509,0,281.83283950594205,281.445063778921
rotate,1460731411477,3.877757270210509,0.3877757270210509,0,281.83283950594205,281.445063778921
rotate,1460731411482,3.877757270210509,0.3877757270210509,0,281.83283950594205,281.445063778921
rotate,1460731411487,3.877757270210509,0.3877757270210509,0,281.83283950594205,281.445063778921
rotate,1460731411492,3.877757270210509,0.3877757270210509,0,281.83283950594205,281.445063778921
rotate,1460731411497,3.877757270210509,0.3877757270210509,0,281.83283950594205,281.445063778921
rotate,1460731411502,3.877757270210509,0.3877757270210509,0,281.83283950594205,281.445063778921
rotate,1460731411507,7.69966878433479,0.769966878433479,0,281.83283950594205,281.06287262750857
rotate,1460731411512,7.69966878433479,0.769966878433479,0,281.83283950594205,281.06287262750857
rotate,1460731411517,7.69966878433479,0.769966878433479,0,281.83283950594205,281.06287262750857
rotate,1460731411522,7.69966878433479,0.769966878433479,0,281.83283950594205,281.06287262750857
rotate,1460731411527,7.69966878433479,0.769966878433479,0,281.83283950594205,281.06287262750857
rotate,1460731411532,7.69966878433479,0.769966878433479,0,281.83283950594205,281.06287262750857
rotate,1460731411537,7.69966878433479,0.769966878433479,0,281.83283950594205,281.06287262750857
rotate,1460731411542,7.69966878433479,0.769966878433479,0,281.83283950594205,281.06287262750857
rotate,1460731411547,7.69966878433479,0.769966878433479,0,281.83283950594205,281.06287262750857
rotate,1460731411552,7.69966878433479,0.769966878433479,0,281.83283950594205,281.06287262750857
rotate,1460731411557,7.69966878433479,0.769966878433479,0,281.83283950594205,281.06287262750857
rotate,1460731411562,7.69966878433479,0.769966878433479,0,281.83283950594205,281.06287262750857
rotate,1460731411567,7.69966878433479,0.769966878433479,0,281.83283950594205,281.06287262750857
rotate,1460731411572,7.69966878433479,0.769966878433479,0,281.83283950594205,281.06287262750857
rotate,1460731411577,7.69966878433479,0.769966878433479,0,281.83283950594205,281.06287262750857
rotate,1460731411582,3.190083214550441,0.3190083214550441,0,281.83283950594205,281.513831184487
rotate,1460731411587,3.190083214550441,0.3190083214550441,0,281.83283950594205,281.513831184487
rotate,1460731411592,3.190083214550441,0.3190083214550441,0,281.83283950594205,281.513831184487
rotate,1460731411597,3.190083214550441,0.3190083214550441,0,281.83283950594205,281.513831184487
rotate,1460731411602,3.190083214550441,0.3190083214550441,0,281.83283950594205,281.513831184487
rotate,1460731411607,3.190083214550441,0.3190083214550441,0,281.83283950594205,281.513831184487
rotate,1460731411612,3.190083214550441,0.3190083214550441,0,281.83283950594205,281.513831184487
rotate,1460731411617,3.190083214550441,0.3190083214550441,0,281.83283950594205,281.513831184487
rotate,1460731411622,3.190083214550441,0.3190083214550441,0,281.83283950594205,281.513831184487
rotate,1460731411627,3.190083214550441,0.3190083214550441,0,281.83283950594205,281.513831184487
rotate,1460731411632,3.649434870547452,0.3649434870547452,0,281.83283950594205,281.4678960188873
rotate,1460731411637,3.649434870547452,0.3649434870547452,0,281.83283950594205,281.4678960188873
rotate,1460731411642,3.649434870547452,0.3649434870547452,0,281.83283950594205,281.4678960188873
rotate,1460731411647,3.649434870547452,0.3649434870547452,0,281.83283950594205,281.4678960188873
rotate,1460731411652,3.649434870547452,0.3649434870547452,0,281.83283950594205,281.4678960188873
rotate,1460731411657,8.167289665725548,0.8167289665725548,0,281.83283950594205,281.0161105393695
rotate,1460731411662,8.167289665725548,0.8167289665725548,0,281.83283950594205,281.0161105393695
rotate,1460731411667,8.167289665725548,0.8167289665725548,0,281.83283950594205,281.0161105393695
rotate,1460731411673,8.167289665725548,0.8167289665725548,0,281.83283950594205,281.0161105393695
rotate,1460731411678,8.167289665725548,0.8167289665725548,0,281.83283950594205,281.0161105393695
rotate,1460731411683,8.167289665725548,0.8167289665725548,0,281.83283950594205,281.0161105393695
rotate,1460731411688,8.167289665725548,0.8167289665725548,0,281.83283950594205,281.0161105393695
rotate,1460731411693,8.167289665725548,0.8167289665725548,0,281.83283950594205,281.0161105393695
rotate,1460731411698,8.167289665725548,0.8167289665725548,0,281.83283950594205,281.0161105393695
rotate,1460731411703,8.167289665725548,0.8167289665725548,0,281.83283950594205,281.0161105393695
rotate,1460731411708,6.590012641273688,0.6590012641273688,0,281.83283950594205,281.1738382418147
rotate,1460731411713,6.590012641273688,0.6590012641273688,0,281.83283950594205,281.1738382418147
rotate,1460731411718,6.590012641273688,0.6590012641273688,0,281.83283950594205,281.1738382418147
rotate,1460731411724,6.590012641273688,0.6590012641273688,0,281.83283950594205,281.1738382418147
rotate,1460731411729,6.590012641273688,0.6590012641273688,0,281.83283950594205,281.1738382418147
rotate,1460731411734,6.590012641273688,0.6590012641273688,0,281.83283950594205,281.1738382418147
rotate,1460731411739,6.590012641273688,0.6590012641273688,0,281.83283950594205,281.1738382418147
rotate,1460731411744,6.590012641273688,0.6590012641273688,0,281.83283950594205,281.1738382418147
rotate,1460731411749,6.590012641273688,0.6590012641273688,0,281.83283950594205,281.1738382418147
rotate,1460731411754,6.590012641273688,0.6590012641273688,0,281.83283950594205,281.1738382418147
rotate,1460731411759,11.778164691475581,1.177816469147558,0,281.83283950594205,280.6550230367945
rotate,1460731411764,11.778164691475581,1.177816469147558,0,281.83283950594205,280.6550230367945
rotate,1460731411769,11.778164691475581,1.177816469147558,0,281.83283950594205,280.6550230367945
rotate,1460731411774,11.778164691475581,1.177816469147558,0,281.83283950594205,280.6550230367945
rotate,1460731411779,11.778164691475581,1.177816469147558,0,281.83283950594205,280.6550230367945
rotate,1460731411784,11.778164691475581,1.177816469147558,0,281.83283950594205,280.6550230367945
rotate,1460731411789,11.778164691475581,1.177816469147558,0,281.83283950594205,280.6550230367945
rotate,1460731411794,11.778164691475581,1.177816469147558,0,281.83283950594205,280.6550230367945
rotate,1460731411801,11.778164691475581,1.177816469147558,0,281.83283950594205,280.6550230367945
rotate,1460731411806,11.778164691475581,1.177816469147558,0,281.83283950594205,280.6550230367945
rotate,1460731411811,11.778164691475581,1.177816469147558,0,281.83283950594205,280.6550230367945
rotate,1460731411816,11.778164691475581,1.177816469147558,0,281.83283950594205,280.6550230367945
rotate,1460731411821,11.778164691475581,1.177816469147558,0,281.83283950594205,280.6550230367945
rotate,1460731411826,11.778164691475581,1.177816469147558,0,281.83283950594205,280.6550230367945
rotate,1460731411831,4.09360253274599,0.409360253274599,0,281.83283950594205,281.42347925266745
rotate,1460731411836,4.09360253274599,0.409360253274599,0,281.83283950594205,281.42347925266745
rotate,1460731411841,4.09360253274599,0.409360253274599,0,281.83283950594205,281.42347925266745
rotate,1460731411846,4.09360253274599,0.409360253274599,0,281.83283950594205,281.42347925266745
rotate,1460731411851,4.09360253274599,0.409360253274599,0,281.83283950594205,281.42347925266745
rotate,1460731411856,4.09360253274599,0.409360253274599,0,281.83283950594205,281.42347925266745
rotate,1460731411861,4.09360253274599,0.409360253274599,0,281.83283950594205,281.42347925266745
rotate,1460731411866,4.09360253274599,0.409360253274599,0,281.83283950594205,281.42347925266745
rotate,1460731411871,4.09360253274599,0.409360253274599,0,281.83283950594205,281.42347925266745
rotate,1460731411876,4.09360253274599,0.409360253274599,0,281.83283950594205,281.42347925266745
rotate,1460731411881,7.036502163308569,0.7036502163308569,0,281.83283950594205,281.1291892896112
rotate,1460731411886,7.036502163308569,0.7036502163308569,0,281.83283950594205,281.1291892896112
rotate,1460731411891,7.036502163308569,0.7036502163308569,0,281.83283950594205,281.1291892896112
rotate,1460731411896,7.036502163308569,0.7036502163308569,0,281.83283950594205,281.1291892896112
rotate,1460731411901,7.036502163308569,0.7036502163308569,0,281.83283950594205,281.1291892896112
rotate,1460731411906,7.036502163308569,0.7036502163308569,0,281.83283950594205,281.1291892896112
rotate,1460731411911,7.036502163308569,0.7036502163308569,0,281.83283950594205,281.1291892896112
rotate,1460731411916,7.036502163308569,0.7036502163308569,0,281.83283950594205,281.1291892896112
rotate,1460731411921,7.036502163308569,0.7036502163308569,0,281.83283950594205,281.1291892896112
rotate,1460731411926,7.036502163308569,0.7036502163308569,0,281.83283950594205,281.1291892896112
rotate,1460731411932,7.036502163308569,0.7036502163308569,0,281.83283950594205,281.1291892896112
rotate,1460731411937,7.036502163308569,0.7036502163308569,0,281.83283950594205,281.1291892896112
rotate,1460731411942,7.036502163308569,0.7036502163308569,0,281.83283950594205,281.1291892896112
rotate,1460731411947,7.036502163308569,0.7036502163308569,0,281.83283950594205,281.1291892896112
rotate,1460731411952,7.036502163308569,0.7036502163308569,0,281.83283950594205,281.1291892896112
rotate,1460731411957,7.036502163308569,0.7036502163308569,0,281.83283950594205,281.1291892896112
rotate,1460731411962,7.036502163308569,0.7036502163308569,0,281.83283950594205,281.1291892896112
rotate,1460731411967,7.036502163308569,0.7036502163308569,0,281.83283950594205,281.1291892896112
rotate,1460731411972,7.036502163308569,0.7036502163308569,0,281.83283950594205,281.1291892896112
rotate,1460731411977,7.036502163308569,0.7036502163308569,0,281.83283950594205,281.1291892896112
rotate,1460731411982,4.550478695968536,0.4550478695968536,0,281.83283950594205,281.3777916363452
rotate,1460731411987,4.550478695968536,0.4550478695968536,0,281.83283950594205,281.3777916363452
rotate,1460731411992,4.550478695968536,0.4550478695968536,0,281.83283950594205,281.3777916363452
rotate,1460731411997,4.550478695968536,0.4550478695968536,0,281.83283950594205,281.3777916363452
rotate,1460731412002,4.550478695968536,0.4550478695968536,0,281.83283950594205,281.3777916363452
rotate,1460731412007,4.550478695968536,0.4550478695968536,0,281.83283950594205,281.3777916363452
rotate,1460731412012,4.550478695968536,0.4550478695968536,0,281.83283950594205,281.3777916363452
rotate,1460731412017,4.550478695968536,0.4550478695968536,0,281.83283950594205,281.3777916363452
rotate,1460731412022,4.550478695968536,0.4550478695968536,0,281.83283950594205,281.3777916363452
rotate,1460731412027,4.550478695968536,0.4550478695968536,0,281.83283950594205,281.3777916363452
rotate,1460731412032,6.130655405340235,0.6130655405340235,0,281.83283950594205,281.219773965408
rotate,1460731412037,6.130655405340235,0.6130655405340235,0,281.83283950594205,281.219773965408
rotate,1460731412042,6.130655405340235,0.6130655405340235,0,281.83283950594205,281.219773965408
rotate,1460731412047,6.130655405340235,0.6130655405340235,0,281.83283950594205,281.219773965408
rotate,1460731412052,6.130655405340235,0.6130655405340235,0,281.83283950594205,281.219773965408
rotate,1460731412057,6.130655405340235,0.6130655405340235,0,281.83283950594205,281.219773965408
rotate,1460731412062,6.130655405340235,0.6130655405340235,0,281.83283950594205,281.219773965408
rotate,1460731412067,6.130655405340235,0.6130655405340235,0,281.83283950594205,281.219773965408
rotate,1460731412072,6.130655405340235,0.6130655405340235,0,281.83283950594205,281.219773965408
rotate,1460731412077,6.130655405340235,0.6130655405340235,0,281.83283950594205,281.219773965408
rotate,1460731412082,6.130655405340235,0.6130655405340235,0,281.83283950594205,281.219773965408
rotate,1460731412087,6.130655405340235,0.6130655405340235,0,281.83283950594205,281.219773965408
rotate,1460731412092,6.130655405340235,0.6130655405340235,0,281.83283950594205,281.219773965408
rotate,1460731412097,6.130655405340235,0.6130655405340235,0,281.83283950594205,281.219773965408
rotate,1460731412102,6.130655405340235,0.6130655405340235,0,281.83283950594205,281.219773965408
rotate,1460731412107,6.130655405340235,0.8640846955439656,0,281.83283950594205,280.9687548103981
rotate,1460731412112,8.640846955439656,0.8640846955439656,0,281.83283950594205,280.9687548103981
rotate,1460731412117,8.640846955439656,0.8640846955439656,0,281.83283950594205,280.9687548103981
rotate,1460731412122,8.640846955439656,0.8640846955439656,0,281.83283950594205,280.9687548103981
rotate,1460731412127,8.640846955439656,0.8640846955439656,0,281.83283950594205,280.9687548103981
rotate,1460731412131,8.640846955439656,0.8640846955439656,0,281.83283950594205,280.9687548103981
rotate,1460731412137,8.640846955439656,0.8640846955439656,0,281.83283950594205,280.9687548103981
rotate,1460731412142,8.640846955439656,0.8640846955439656,0,281.83283950594205,280.9687548103981
rotate,1460731412147,8.640846955439656,0.8640846955439656,0,281.83283950594205,280.9687548103981
rotate,1460731412152,8.640846955439656,0.8640846955439656,0,281.83283950594205,280.9687548103981
rotate,1460731412156,8.640846955439656,0.8167289665725548,0,281.83283950594205,281.0161105393695
rotate,1460731412162,8.167289665725548,0.8167289665725548,0,281.83283950594205,281.0161105393695
rotate,1460731412167,8.167289665725548,0.8167289665725548,0,281.83283950594205,281.0161105393695
rotate,1460731412172,8.167289665725548,0.8167289665725548,0,281.83283950594205,281.0161105393695
rotate,1460731412177,8.167289665725548,0.8167289665725548,0,281.83283950594205,281.0161105393695
rotate,1460731412181,8.167289665725548,0.8167289665725548,0,281.83283950594205,281.0161105393695
rotate,1460731412187,8.167289665725548,0.8167289665725548,0,281.83283950594205,281.0161105393695
rotate,1460731412192,8.167289665725548,0.8167289665725548,0,281.83283950594205,281.0161105393695
rotate,1460731412198,8.167289665725548,0.8167289665725548,0,281.83283950594205,281.0161105393695
rotate,1460731412202,8.167289665725548,0.8167289665725548,0,281.83283950594205,281.0161105393695
rotate,1460731412210,8.167289665725548,0.8167289665725548,0,281.83283950594205,281.0161105393695
rotate,1460731412216,8.167289665725548,0.8167289665725548,0,281.83283950594205,281.0161105393695
rotate,1460731412221,8.167289665725548,0.8167289665725548,0,281.83283950594205,281.0161105393695
rotate,1460731412226,8.167289665725548,0.8167289665725548,0,281.83283950594205,281.0161105393695
rotate,1460731412231,9.080448656237081,0.9080448656237081,0,281.83283950594205,280.92479464031834
rotate,1460731412235,9.080448656237081,0.9080448656237081,0,281.83283950594205,280.92479464031834
rotate,1460731412240,9.080448656237081,0.9080448656237081,0,281.83283950594205,280.92479464031834
rotate,1460731412246,9.080448656237081,0.9080448656237081,0,281.83283950594205,280.92479464031834
rotate,1460731412251,9.080448656237081,0.9080448656237081,0,281.83283950594205,280.92479464031834
rotate,1460731412256,9.080448656237081,0.9080448656237081,0,281.83283950594205,280.92479464031834
rotate,1460731412260,9.080448656237081,0.9080448656237081,0,281.83283950594205,280.92479464031834
rotate,1460731412265,9.080448656237081,0.9080448656237081,0,281.83283950594205,280.92479464031834
rotate,1460731412271,9.080448656237081,0.9080448656237081,0,281.83283950594205,280.92479464031834
rotate,1460731412276,9.080448656237081,0.9080448656237081,0,281.83283950594205,280.92479464031834
rotate,1460731412281,9.080448656237081,0.9080448656237081,0,281.83283950594205,280.92479464031834
rotate,1460731412285,9.080448656237081,0.9080448656237081,0,281.83283950594205,280.92479464031834
rotate,1460731412290,9.080448656237081,0.9080448656237081,0,281.83283950594205,280.92479464031834
rotate,1460731412296,9.080448656237081,0.9080448656237081,0,281.83283950594205,280.92479464031834
rotate,1460731412301,9.080448656237081,0.9080448656237081,0,281.83283950594205,280.92479464031834
rotate,1460731412306,3.863804130035078,0.3863804130035078,0,281.83283950594205,281.44645909293854
rotate,1460731412310,3.863804130035078,0.3863804130035078,0,281.83283950594205,281.44645909293854
rotate,1460731412315,3.863804130035078,0.3863804130035078,0,281.83283950594205,281.44645909293854
rotate,1460731412320,3.863804130035078,0.3863804130035078,0,281.83283950594205,281.44645909293854
rotate,1460731412326,3.863804130035078,0.3863804130035078,0,281.83283950594205,281.44645909293854
rotate,1460731412331,3.863804130035078,0.3863804130035078,0,281.83283950594205,281.44645909293854
rotate,1460731412336,3.863804130035078,0.3863804130035078,0,281.83283950594205,281.44645909293854
rotate,1460731412341,3.863804130035078,0.3863804130035078,0,281.83283950594205,281.44645909293854
rotate,1460731412347,3.863804130035078,0.3863804130035078,0,281.83283950594205,281.44645909293854
rotate,1460731412352,3.863804130035078,0.3863804130035078,0,281.83283950594205,281.44645909293854
rotate,1460731412357,3.863804130035078,0.3863804130035078,0,281.83283950594205,281.44645909293854
rotate,1460731412361,3.863804130035078,0.3863804130035078,0,281.83283950594205,281.44645909293854
rotate,1460731412366,3.863804130035078,0.3863804130035078,0,281.83283950594205,281.44645909293854
rotate,1460731412371,3.863804130035078,0.3863804130035078,0,281.83283950594205,281.44645909293854
rotate,1460731412377,3.863804130035078,0.3863804130035078,0,281.83283950594205,281.44645909293854
rotate,1460731412382,8.861083761970008,0.8861083761970008,0,281.83283950594205,280.94673112974505
rotate,1460731412386,8.861083761970008,0.8861083761970008,0,281.83283950594205,280.94673112974505
rotate,1460731412391,8.861083761970008,0.8861083761970008,0,281.83283950594205,280.94673112974505
rotate,1460731412396,8.861083761970008,0.8861083761970008,0,281.83283950594205,280.94673112974505
rotate,1460731412402,8.861083761970008,0.8861083761970008,0,281.83283950594205,280.94673112974505
rotate,1460731412407,8.861083761970008,0.8861083761970008,0,281.83283950594205,280.94673112974505
rotate,1460731412412,8.861083761970008,0.8861083761970008,0,281.83283950594205,280.94673112974505
rotate,1460731412416,8.861083761970008,0.8861083761970008,0,281.83283950594205,280.94673112974505
rotate,1460731412421,8.861083761970008,0.8861083761970008,0,281.83283950594205,280.94673112974505
rotate,1460731412427,8.861083761970008,0.8861083761970008,0,281.83283950594205,280.94673112974505
rotate,1460731412432,7.725108289885725,0.7725108289885725,0,281.83283950594205,281.0603286769535
rotate,1460731412436,7.725108289885725,0.7725108289885725,0,281.83283950594205,281.0603286769535
rotate,1460731412441,7.725108289885725,0.7725108289885725,0,281.83283950594205,281.0603286769535
rotate,1460731412446,7.725108289885725,0.7725108289885725,0,281.83283950594205,281.0603286769535
rotate,1460731412451,7.725108289885725,0.7725108289885725,0,281.83283950594205,281.0603286769535
rotate,1460731412457,7.725108289885725,0.7725108289885725,0,281.83283950594205,281.0603286769535
rotate,1460731412468,7.725108289885725,0.7725108289885725,0,281.83283950594205,281.0603286769535
rotate,1460731412473,7.725108289885725,0.7725108289885725,0,281.83283950594205,281.0603286769535
rotate,1460731412478,7.725108289885725,0.7725108289885725,0,281.83283950594205,281.0603286769535
rotate,1460731412482,7.725108289885725,0.7725108289885725,0,281.83283950594205,281.0603286769535
rotate,1460731412487,7.725108289885725,0.7725108289885725,0,281.83283950594205,281.0603286769535
rotate,1460731412492,7.725108289885725,0.7725108289885725,0,281.83283950594205,281.0603286769535
rotate,1460731412498,7.725108289885725,0.7725108289885725,0,281.83283950594205,281.0603286769535
rotate,1460731412503,7.725108289885725,0.7725108289885725,0,281.83283950594205,281.0603286769535
rotate,1460731412509,6.139972246731986,0.6139972246731986,0,281.83283950594205,281.21884228126885
rotate,1460731412514,6.139972246731986,0.6139972246731986,0,281.83283950594205,281.21884228126885
rotate,1460731412519,6.139972246731986,0.6139972246731986,0,281.83283950594205,281.21884228126885
rotate,1460731412525,6.139972246731986,0.6139972246731986,0,281.83283950594205,281.21884228126885
rotate,1460731412530,6.139972246731986,0.6139972246731986,0,281.83283950594205,281.21884228126885
rotate,1460731412534,6.139972246731986,0.6139972246731986,0,281.83283950594205,281.21884228126885
rotate,1460731412539,6.139972246731986,0.6139972246731986,0,281.83283950594205,281.21884228126885
rotate,1460731412544,6.139972246731986,0.6139972246731986,0,281.83283950594205,281.21884228126885
rotate,1460731412550,6.139972246731986,0.6139972246731986,0,281.83283950594205,281.21884228126885
rotate,1460731412555,6.139972246731986,0.6139972246731986,0,281.83283950594205,281.21884228126885
rotate,1460731412559,6.139972246731986,0.9298946741901091,0,281.83283950594205,280.90294483175194
rotate,1460731412564,9.29894674190109,0.9298946741901091,0,281.83283950594205,280.90294483175194
rotate,1460731412569,9.29894674190109,0.9298946741901091,0,281.83283950594205,280.90294483175194
rotate,1460731412574,9.29894674190109,0.9298946741901091,0,281.83283950594205,280.90294483175194
rotate,1460731412580,9.29894674190109,0.9298946741901091,0,281.83283950594205,280.90294483175194
rotate,1460731412584,9.29894674190109,0.9298946741901091,0,281.83283950594205,280.90294483175194
rotate,1460731412589,9.29894674190109,0.9298946741901091,0,281.83283950594205,280.90294483175194
rotate,1460731412594,9.29894674190109,0.9298946741901091,0,281.83283950594205,280.90294483175194
rotate,1460731412599,9.29894674190109,0.9298946741901091,0,281.83283950594205,280.90294483175194
rotate,1460731412605,9.29894674190109,0.9298946741901091,0,281.83283950594205,280.90294483175194
rotate,1460731412610,9.29894674190109,0.9298946741901091,0,281.83283950594205,280.90294483175194
rotate,1460731412617,9.29894674190109,0.9298946741901091,0,281.83283950594205,280.90294483175194
rotate,1460731412622,9.29894674190109,0.9298946741901091,0,281.83283950594205,280.90294483175194
rotate,1460731412627,9.29894674190109,0.9298946741901091,0,281.83283950594205,280.90294483175194
rotate,1460731412632,7.725108289885725,0.7725108289885725,0,281.83283950594205,281.0603286769535
rotate,1460731412637,7.725108289885725,0.7725108289885725,0,281.83283950594205,281.0603286769535
rotate,1460731412642,7.725108289885725,0.7725108289885725,0,281.83283950594205,281.0603286769535
rotate,1460731412647,7.725108289885725,0.7725108289885725,0,281.83283950594205,281.0603286769535
rotate,1460731412652,7.725108289885725,0.7725108289885725,0,281.83283950594205,281.0603286769535
rotate,1460731412657,7.725108289885725,0.7725108289885725,0,281.83283950594205,281.0603286769535
rotate,1460731412662,7.725108289885725,0.7725108289885725,0,281.83283950594205,281.0603286769535
rotate,1460731412668,7.725108289885725,0.7725108289885725,0,281.83283950594205,281.0603286769535
rotate,1460731412672,7.725108289885725,0.7725108289885725,0,281.83283950594205,281.0603286769535
rotate,1460731412677,7.725108289885725,0.7725108289885725,0,281.83283950594205,281.0603286769535
rotate,1460731412682,7.725108289885725,0.7725108289885725,0,281.83283950594205,281.0603286769535
rotate,1460731412737,7.258428285697391,0.7258428285697391,0,281.83283950594205,281.1069966773723
rotate,1460731412742,7.258428285697391,0.7258428285697391,0,281.83283950594205,281.1069966773723
rotate,1460731412747,7.258428285697391,0.7258428285697391,0,281.83283950594205,281.1069966773723
rotate,1460731412752,7.258428285697391,0.7258428285697391,0,281.83283950594205,281.1069966773723
rotate,1460731412757,7.258428285697391,0.7258428285697391,0,281.83283950594205,281.1069966773723
rotate,1460731412762,7.258428285697391,0.7258428285697391,0,281.83283950594205,281.1069966773723
rotate,1460731412768,7.258428285697391,0.7258428285697391,0,281.83283950594205,281.1069966773723
rotate,1460731412773,7.258428285697391,0.7258428285697391,0,281.83283950594205,281.1069966773723
rotate,1460731412778,7.258428285697391,0.7258428285697391,0,281.83283950594205,281.1069966773723
rotate,1460731412783,3.877757270210509,0.3877757270210509,0,281.83283950594205,281.445063778921
rotate,1460731412788,3.877757270210509,0.3877757270210509,0,281.83283950594205,281.445063778921
rotate,1460731412793,3.877757270210509,0.3877757270210509,0,281.83283950594205,281.445063778921
rotate,1460731412798,3.877757270210509,0.3877757270210509,0,281.83283950594205,281.445063778921
rotate,1460731412803,3.877757270210509,0.3877757270210509,0,281.83283950594205,281.445063778921
rotate,1460731412808,3.877757270210509,0.3877757270210509,0,281.83283950594205,281.445063778921
rotate,1460731412813,3.877757270210509,0.3877757270210509,0,281.83283950594205,281.445063778921
rotate,1460731412818,3.877757270210509,0.3877757270210509,0,281.83283950594205,281.445063778921
rotate,1460731412823,3.877757270210509,0.3877757270210509,0,281.83283950594205,281.445063778921
rotate,1460731412828,3.877757270210509,0.3877757270210509,0,281.83283950594205,281.445063778921
rotate,1460731412833,7.036502163308569,0.7036502163308569,0,281.83283950594205,281.1291892896112
rotate,1460731412838,7.036502163308569,0.7036502163308569,0,281.83283950594205,281.1291892896112
rotate,1460731412843,7.036502163308569,0.7036502163308569,0,281.83283950594205,281.1291892896112
rotate,1460731412848,7.036502163308569,0.7036502163308569,0,281.83283950594205,281.1291892896112
rotate,1460731412853,7.036502163308569,0.7036502163308569,0,281.83283950594205,281.1291892896112
rotate,1460731412858,7.036502163308569,0.7036502163308569,0,281.83283950594205,281.1291892896112
rotate,1460731412863,7.036502163308569,0.7036502163308569,0,281.83283950594205,281.1291892896112
rotate,1460731412868,7.036502163308569,0.7036502163308569,0,281.83283950594205,281.1291892896112
rotate,1460731412873,7.036502163308569,0.7036502163308569,0,281.83283950594205,281.1291892896112
rotate,1460731412878,7.036502163308569,0.7036502163308569,0,281.83283950594205,281.1291892896112
rotate,1460731412883,5.4558046940593385,0.5455804694059339,0,281.83283950594205,281.2872590365361
rotate,1460731412888,5.4558046940593385,0.5455804694059339,0,281.83283950594205,281.2872590365361
rotate,1460731412893,5.4558046940593385,0.5455804694059339,0,281.83283950594205,281.2872590365361
rotate,1460731412898,5.4558046940593385,0.5455804694059339,0,281.83283950594205,281.2872590365361
rotate,1460731412903,5.4558046940593385,0.5455804694059339,0,281.83283950594205,281.2872590365361
rotate,1460731412908,5.4558046940593385,0.5455804694059339,0,281.83283950594205,281.2872590365361
rotate,1460731412913,5.4558046940593385,0.5455804694059339,0,281.83283950594205,281.2872590365361
rotate,1460731412918,5.4558046940593385,0.5455804694059339,0,281.83283950594205,281.2872590365361
rotate,1460731412923,5.4558046940593385,0.5455804694059339,0,281.83283950594205,281.2872590365361
rotate,1460731412928,5.4558046940593385,0.5455804694059339,0,281.83283950594205,281.2872590365361
rotate,1460731412933,5.4558046940593385,0.5455804694059339,0,281.83283950594205,281.2872590365361
rotate,1460731412938,5.4558046940593385,0.5455804694059339,0,281.83283950594205,281.2872590365361
rotate,1460731412943,5.4558046940593385,0.5455804694059339,0,281.83283950594205,281.2872590365361
rotate,1460731412948,5.4558046940593385,0.5455804694059339,0,281.83283950594205,281.2872590365361
rotate,1460731412953,5.4558046940593385,0.5455804694059339,0,281.83283950594205,281.2872590365361
rotate,1460731412958,5.9065920315651965,0.5906592031565197,0,281.83283950594205,281.2421803027855
rotate,1460731412963,5.9065920315651965,0.5906592031565197,0,281.83283950594205,281.2421803027855
rotate,1460731412968,5.9065920315651965,0.5906592031565197,0,281.83283950594205,281.2421803027855
rotate,1460731412973,5.9065920315651965,0.5906592031565197,0,281.83283950594205,281.2421803027855
rotate,1460731412978,5.9065920315651965,0.5906592031565197,0,281.83283950594205,281.2421803027855
rotate,1460731412983,5.9065920315651965,0.5906592031565197,0,281.83283950594205,281.2421803027855
rotate,1460731412988,5.9065920315651965,0.5906592031565197,0,281.83283950594205,281.2421803027855
rotate,1460731412993,5.9065920315651965,0.5906592031565197,0,281.83283950594205,281.2421803027855
rotate,1460731412998,5.9065920315651965,0.5906592031565197,0,281.83283950594205,281.2421803027855
rotate,1460731413003,5.9065920315651965,0.5906592031565197,0,281.83283950594205,281.2421803027855
rotate,1460731413008,8.640846955439656,0.8640846955439656,0,281.83283950594205,280.9687548103981
rotate,1460731413013,8.640846955439656,0.8640846955439656,0,281.83283950594205,280.9687548103981
rotate,1460731413018,8.640846955439656,0.8640846955439656,0,281.83283950594205,280.9687548103981
rotate,1460731413023,8.640846955439656,0.8640846955439656,0,281.83283950594205,280.9687548103981
rotate,1460731413028,8.640846955439656,0.8640846955439656,0,281.83283950594205,280.9687548103981
rotate,1460731413033,8.640846955439656,0.8640846955439656,0,281.83283950594205,280.9687548103981
rotate,1460731413038,8.640846955439656,0.8640846955439656,0,281.83283950594205,280.9687548103981
rotate,1460731413044,8.640846955439656,0.8640846955439656,0,281.83283950594205,280.9687548103981
rotate,1460731413049,8.640846955439656,0.8640846955439656,0,281.83283950594205,280.9687548103981
rotate,1460731413054,8.640846955439656,0.8640846955439656,0,281.83283950594205,280.9687548103981
rotate,1460731413059,8.640846955439656,0.8640846955439656,0,281.83283950594205,280.9687548103981
rotate,1460731413064,8.640846955439656,0.8640846955439656,0,281.83283950594205,280.9687548103981
rotate,1460731413070,8.640846955439656,0.8640846955439656,0,281.83283950594205,280.9687548103981
rotate,1460731413075,8.640846955439656,0.8640846955439656,0,281.83283950594205,280.9687548103981
rotate,1460731413080,8.640846955439656,0.8640846955439656,0,281.83283950594205,280.9687548103981
rotate,1460731413085,8.640846955439656,0.8640846955439656,0,281.83283950594205,280.9687548103981
rotate,1460731413090,8.640846955439656,0.8640846955439656,0,281.83283950594205,280.9687548103981
rotate,1460731413095,8.640846955439656,0.8640846955439656,0,281.83283950594205,280.9687548103981
rotate,1460731413100,8.640846955439656,0.8640846955439656,0,281.83283950594205,280.9687548103981
rotate,1460731413105,8.640846955439656,0.8640846955439656,0,281.83283950594205,280.9687548103981
rotate,1460731413110,5.9065920315651965,0.5906592031565197,0,281.83283950594205,281.2421803027855
rotate,1460731413115,5.9065920315651965,0.5906592031565197,0,281.83283950594205,281.2421803027855
rotate,1460731413120,5.9065920315651965,0.5906592031565197,0,281.83283950594205,281.2421803027855
rotate,1460731413125,5.9065920315651965,0.5906592031565197,0,281.83283950594205,281.2421803027855
rotate,1460731413130,5.9065920315651965,0.5906592031565197,0,281.83283950594205,281.2421803027855
rotate,1460731413135,5.9065920315651965,0.5906592031565197,0,281.83283950594205,281.2421803027855
rotate,1460731413140,5.9065920315651965,0.5906592031565197,0,281.83283950594205,281.2421803027855
rotate,1460731413145,5.9065920315651965,0.5906592031565197,0,281.83283950594205,281.2421803027855
rotate,1460731413150,5.9065920315651965,0.5906592031565197,0,281.83283950594205,281.2421803027855
rotate,1460731413155,5.9065920315651965,0.5906592031565197,0,281.83283950594205,281.2421803027855
rotate,1460731413160,5.001435132494407,0.5001435132494407,0,281.83283950594205,281.3326959926926
rotate,1460731413165,5.001435132494407,0.5001435132494407,0,281.83283950594205,281.3326959926926
rotate,1460731413170,5.001435132494407,0.5001435132494407,0,281.83283950594205,281.3326959926926
rotate,1460731413175,5.001435132494407,0.5001435132494407,0,281.83283950594205,281.3326959926926
rotate,1460731413180,5.001435132494407,0.5001435132494407,0,281.83283950594205,281.3326959926926
rotate,1460731413185,5.001435132494407,0.5001435132494407,0,281.83283950594205,281.3326959926926
rotate,1460731413190,5.001435132494407,0.5001435132494407,0,281.83283950594205,281.3326959926926
rotate,1460731413195,5.001435132494407,0.5001435132494407,0,281.83283950594205,281.3326959926926
rotate,1460731413200,5.001435132494407,0.5001435132494407,0,281.83283950594205,281.3326959926926
rotate,1460731413205,5.001435132494407,0.5001435132494407,0,281.83283950594205,281.3326959926926
rotate,1460731413210,5.001435132494407,0.5001435132494407,0,281.83283950594205,281.3326959926926
rotate,1460731413215,5.001435132494407,0.5001435132494407,0,281.83283950594205,281.3326959926926
rotate,1460731413220,5.001435132494407,0.5001435132494407,0,281.83283950594205,281.3326959926926
rotate,1460731413225,5.001435132494407,0.5001435132494407,0,281.83283950594205,281.3326959926926
rotate,1460731413230,5.001435132494407,0.5001435132494407,0,281.83283950594205,281.3326959926926
rotate,1460731413235,2.727087117243059,0.2727087117243059,0,281.83283950594205,281.56013079421774
rotate,1460731413240,2.727087117243059,0.2727087117243059,0,281.83283950594205,281.56013079421774
rotate,1460731413245,2.727087117243059,0.2727087117243059,0,281.83283950594205,281.56013079421774
rotate,1460731413250,2.727087117243059,0.2727087117243059,0,281.83283950594205,281.56013079421774
rotate,1460731413255,2.727087117243059,0.2727087117243059,0,281.83283950594205,281.56013079421774
rotate,1460731413260,2.727087117243059,0.2727087117243059,0,281.83283950594205,281.56013079421774
rotate,1460731413265,2.727087117243059,0.2727087117243059,0,281.83283950594205,281.56013079421774
rotate,1460731413270,2.727087117243059,0.2727087117243059,0,281.83283950594205,281.56013079421774
rotate,1460731413275,2.727087117243059,0.2727087117243059,0,281.83283950594205,281.56013079421774
rotate,1460731413280,2.727087117243059,0.2727087117243059,0,281.83283950594205,281.56013079421774
rotate,1460731413285,7.502700429124047,0.7502700429124047,0,281.83283950594205,281.08256946302964
rotate,1460731413290,7.502700429124047,0.7502700429124047,0,281.83283950594205,281.08256946302964
rotate,1460731413295,7.502700429124047,0.7502700429124047,0,281.83283950594205,281.08256946302964
rotate,1460731413300,7.502700429124047,0.7502700429124047,0,281.83283950594205,281.08256946302964
rotate,1460731413305,7.502700429124047,0.7502700429124047,0,281.83283950594205,281.08256946302964
rotate,1460731413310,7.502700429124047,0.7502700429124047,0,281.83283950594205,281.08256946302964
rotate,1460731413315,7.502700429124047,0.7502700429124047,0,281.83283950594205,281.08256946302964
rotate,1460731413320,7.502700429124047,0.7502700429124047,0,281.83283950594205,281.08256946302964
rotate,1460731413325,7.502700429124047,0.7502700429124047,0,281.83283950594205,281.08256946302964
rotate,1460731413330,7.502700429124047,0.7502700429124047,0,281.83283950594205,281.08256946302964
rotate,1460731413335,7.502700429124047,0.7502700429124047,0,281.83283950594205,281.08256946302964
rotate,1460731413340,7.502700429124047,0.7502700429124047,0,281.83283950594205,281.08256946302964
rotate,1460731413345,7.502700429124047,0.7502700429124047,0,281.83283950594205,281.08256946302964
rotate,1460731413351,7.502700429124047,0.7502700429124047,0,281.83283950594205,281.08256946302964
rotate,1460731413356,7.502700429124047,0.7502700429124047,0,281.83283950594205,281.08256946302964
rotate,1460731413361,8.167289665725548,0.8167289665725548,0,281.83283950594205,281.0161105393695
rotate,1460731413366,8.167289665725548,0.8167289665725548,0,281.83283950594205,281.0161105393695
rotate,1460731413371,8.167289665725548,0.8167289665725548,0,281.83283950594205,281.0161105393695
rotate,1460731413376,8.167289665725548,0.8167289665725548,0,281.83283950594205,281.0161105393695
rotate,1460731413381,8.167289665725548,0.8167289665725548,0,281.83283950594205,281.0161105393695
rotate,1460731413386,8.167289665725548,0.8167289665725548,0,281.83283950594205,281.0161105393695
rotate,1460731413391,8.167289665725548,0.8167289665725548,0,281.83283950594205,281.0161105393695
rotate,1460731413396,8.167289665725548,0.8167289665725548,0,281.83283950594205,281.0161105393695
rotate,1460731413401,8.167289665725548,0.8167289665725548,0,281.83283950594205,281.0161105393695
rotate,1460731413406,8.167289665725548,0.8167289665725548,0,281.83283950594205,281.0161105393695
rotate,1460731413411,8.167289665725548,0.8167289665725548,0,281.83283950594205,281.0161105393695
rotate,1460731413416,8.167289665725548,0.8167289665725548,0,281.83283950594205,281.0161105393695
rotate,1460731413421,8.167289665725548,0.8167289665725548,0,281.83283950594205,281.0161105393695
rotate,1460731413426,8.167289665725548,0.8167289665725548,0,281.83283950594205,281.0161105393695
rotate,1460731413431,8.167289665725548,0.8167289665725548,0,281.83283950594205,281.0161105393695
rotate,1460731413436,9.51658308337528,0.9516583083375281,0,281.83283950594205,280.8811811976045
rotate,1460731413441,9.51658308337528,0.9516583083375281,0,281.83283950594205,280.8811811976045
rotate,1460731413446,9.51658308337528,0.9516583083375281,0,281.83283950594205,280.8811811976045
rotate,1460731413451,9.51658308337528,0.9516583083375281,0,281.83283950594205,280.8811811976045
rotate,1460731413456,9.51658308337528,0.9516583083375281,0,281.83283950594205,280.8811811976045
rotate,1460731413461,9.51658308337528,0.9516583083375281,0,281.83283950594205,280.8811811976045
rotate,1460731413466,9.51658308337528,0.9516583083375281,0,281.83283950594205,280.8811811976045
rotate,1460731413471,9.51658308337528,0.9516583083375281,0,281.83283950594205,280.8811811976045
rotate,1460731413476,9.51658308337528,0.9516583083375281,0,281.83283950594205,280.8811811976045
rotate,1460731413481,9.51658308337528,0.9516583083375281,0,281.83283950594205,280.8811811976045
rotate,1460731413486,9.080448656237081,0.9080448656237081,0,281.83283950594205,280.92479464031834
rotate,1460731413491,9.080448656237081,0.9080448656237081,0,281.83283950594205,280.92479464031834
rotate,1460731413496,9.080448656237081,0.9080448656237081,0,281.83283950594205,280.92479464031834
rotate,1460731413501,9.080448656237081,0.9080448656237081,0,281.83283950594205,280.92479464031834
rotate,1460731413506,9.080448656237081,0.9080448656237081,0,281.83283950594205,280.92479464031834
rotate,1460731413511,9.080448656237081,0.9080448656237081,0,281.83283950594205,280.92479464031834
rotate,1460731413516,9.080448656237081,0.9080448656237081,0,281.83283950594205,280.92479464031834
rotate,1460731413521,9.080448656237081,0.9080448656237081,0,281.83283950594205,280.92479464031834
rotate,1460731413526,9.080448656237081,0.9080448656237081,0,281.83283950594205,280.92479464031834
rotate,1460731413530,9.080448656237081,0.9080448656237081,0,281.83283950594205,280.92479464031834
rotate,1460731413536,9.080448656237081,0.9080448656237081,0,281.83283950594205,280.92479464031834
rotate,1460731413541,9.080448656237081,0.9080448656237081,0,281.83283950594205,280.92479464031834
rotate,1460731413546,9.080448656237081,0.9080448656237081,0,281.83283950594205,280.92479464031834
rotate,1460731413551,9.080448656237081,0.9080448656237081,0,281.83283950594205,280.92479464031834
rotate,1460731413556,9.080448656237081,0.9080448656237081,0,281.83283950594205,280.92479464031834
rotate,1460731413561,6.590012641273688,0.6590012641273688,0,281.83283950594205,281.1738382418147
rotate,1460731413566,6.590012641273688,0.6590012641273688,0,281.83283950594205,281.1738382418147
rotate,1460731413571,6.590012641273688,0.6590012641273688,0,281.83283950594205,281.1738382418147
rotate,1460731413576,6.590012641273688,0.6590012641273688,0,281.83283950594205,281.1738382418147
rotate,1460731413581,6.590012641273688,0.6590012641273688,0,281.83283950594205,281.1738382418147
rotate,1460731413585,6.590012641273688,0.6590012641273688,0,281.83283950594205,281.1738382418147
rotate,1460731413591,6.590012641273688,0.6590012641273688,0,281.83283950594205,281.1738382418147
rotate,1460731413600,6.590012641273688,0.6590012641273688,0,281.83283950594205,281.1738382418147
rotate,1460731413605,6.590012641273688,0.6590012641273688,0,281.83283950594205,281.1738382418147
rotate,1460731413612,6.590012641273688,0.6590012641273688,0,281.83283950594205,281.1738382418147
rotate,1460731413617,6.590012641273688,0.6590012641273688,0,281.83283950594205,281.1738382418147
rotate,1460731413622,6.590012641273688,0.6590012641273688,0,281.83283950594205,281.1738382418147
rotate,1460731413627,6.590012641273688,0.6590012641273688,0,281.83283950594205,281.1738382418147
rotate,1460731413631,6.590012641273688,0.6590012641273688,0,281.83283950594205,281.1738382418147
rotate,1460731413637,5.681643522985951,0.5681643522985951,0,281.83283950594205,281.26467515364345
rotate,1460731413642,5.681643522985951,0.5681643522985951,0,281.83283950594205,281.26467515364345
rotate,1460731413647,5.681643522985951,0.5681643522985951,0,281.83283950594205,281.26467515364345
rotate,1460731413652,5.681643522985951,0.5681643522985951,0,281.83283950594205,281.26467515364345
rotate,1460731413656,5.681643522985951,0.5681643522985951,0,281.83283950594205,281.26467515364345
rotate,1460731413662,5.681643522985951,0.5681643522985951,0,281.83283950594205,281.26467515364345
rotate,1460731413667,5.681643522985951,0.5681643522985951,0,281.83283950594205,281.26467515364345
rotate,1460731413672,5.681643522985951,0.5681643522985951,0,281.83283950594205,281.26467515364345
rotate,1460731413677,5.681643522985951,0.5681643522985951,0,281.83283950594205,281.26467515364345
rotate,1460731413681,5.681643522985951,0.5681643522985951,0,281.83283950594205,281.26467515364345
rotate,1460731413695,5.9065920315651965,0.5906592031565197,0,281.83283950594205,281.2421803027855
rotate,1460731413700,5.9065920315651965,0.5906592031565197,0,281.83283950594205,281.2421803027855
rotate,1460731413705,5.9065920315651965,0.5906592031565197,0,281.83283950594205,281.2421803027855
rotate,1460731413710,5.9065920315651965,0.5906592031565197,0,281.83283950594205,281.2421803027855
rotate,1460731413714,5.9065920315651965,0.5906592031565197,0,281.83283950594205,281.2421803027855
rotate,1460731413719,5.9065920315651965,0.5906592031565197,0,281.83283950594205,281.2421803027855
rotate,1460731413725,5.9065920315651965,0.5906592031565197,0,281.83283950594205,281.2421803027855
rotate,1460731413730,5.9065920315651965,0.5906592031565197,0,281.83283950594205,281.2421803027855
rotate,1460731413735,5.9065920315651965,0.5906592031565197,0,281.83283950594205,281.2421803027855
rotate,1460731413739,5.9065920315651965,0.5906592031565197,0,281.83283950594205,281.2421803027855
rotate,1460731413744,5.9065920315651965,0.5906592031565197,0,281.83283950594205,281.2421803027855
rotate,1460731413750,5.9065920315651965,0.5906592031565197,0,281.83283950594205,281.2421803027855
rotate,1460731413755,5.9065920315651965,0.5906592031565197,0,281.83283950594205,281.2421803027855
rotate,1460731413760,5.9065920315651965,0.5906592031565197,0,281.83283950594205,281.2421803027855
rotate,1460731413764,5.9065920315651965,0.29590433888665757,0,281.83283950594205,281.5369351670554
rotate,1460731413769,2.9590433888665757,0.29590433888665757,0,281.83283950594205,281.5369351670554
rotate,1460731413775,2.9590433888665757,0.29590433888665757,0,281.83283950594205,281.5369351670554
rotate,1460731413780,2.9590433888665757,0.29590433888665757,0,281.83283950594205,281.5369351670554
rotate,1460731413785,2.9590433888665757,0.29590433888665757,0,281.83283950594205,281.5369351670554
rotate,1460731413789,2.9590433888665757,0.29590433888665757,0,281.83283950594205,281.5369351670554
rotate,1460731413794,2.9590433888665757,0.29590433888665757,0,281.83283950594205,281.5369351670554
rotate,1460731413799,2.9590433888665757,0.29590433888665757,0,281.83283950594205,281.5369351670554
rotate,1460731413805,2.9590433888665757,0.29590433888665757,0,281.83283950594205,281.5369351670554
rotate,1460731413810,2.9590433888665757,0.29590433888665757,0,281.83283950594205,281.5369351670554
rotate,1460731413814,2.9590433888665757,0.6813698663681294,0,281.83283950594205,281.1514696395739
rotate,1460731413819,6.8136986636812935,0.6813698663681294,0,281.83283950594205,281.1514696395739
rotate,1460731413824,6.8136986636812935,0.6813698663681294,0,281.83283950594205,281.1514696395739
rotate,1460731413830,6.8136986636812935,0.6813698663681294,0,281.83283950594205,281.1514696395739
rotate,1460731413835,6.8136986636812935,0.6813698663681294,0,281.83283950594205,281.1514696395739
rotate,1460731413840,6.8136986636812935,0.6813698663681294,0,281.83283950594205,281.1514696395739
rotate,1460731413844,6.8136986636812935,0.6813698663681294,0,281.83283950594205,281.1514696395739
rotate,1460731413849,6.8136986636812935,0.6813698663681294,0,281.83283950594205,281.1514696395739
rotate,1460731413855,6.8136986636812935,0.6813698663681294,0,281.83283950594205,281.1514696395739
rotate,1460731413860,6.8136986636812935,0.6813698663681294,0,281.83283950594205,281.1514696395739
rotate,1460731413865,6.8136986636812935,0.6813698663681294,0,281.83283950594205,281.1514696395739
rotate,1460731413869,6.8136986636812935,0.6813698663681294,0,281.83283950594205,281.1514696395739
rotate,1460731413874,6.8136986636812935,0.6813698663681294,0,281.83283950594205,281.1514696395739
rotate,1460731413879,6.8136986636812935,0.6813698663681294,0,281.83283950594205,281.1514696395739
rotate,1460731413885,6.8136986636812935,0.6813698663681294,0,281.83283950594205,281.1514696395739
rotate,1460731413890,8.167289665725548,0.8167289665725548,0,281.83283950594205,281.0161105393695
rotate,1460731413894,8.167289665725548,0.8167289665725548,0,281.83283950594205,281.0161105393695
rotate,1460731413899,8.167289665725548,0.8167289665725548,0,281.83283950594205,281.0161105393695
rotate,1460731413904,8.167289665725548,0.8167289665725548,0,281.83283950594205,281.0161105393695
rotate,1460731413910,8.167289665725548,0.8167289665725548,0,281.83283950594205,281.0161105393695
rotate,1460731413915,8.167289665725548,0.8167289665725548,0,281.83283950594205,281.0161105393695
rotate,1460731413919,8.167289665725548,0.8167289665725548,0,281.83283950594205,281.0161105393695
rotate,1460731413924,8.167289665725548,0.8167289665725548,0,281.83283950594205,281.0161105393695
rotate,1460731413929,8.167289665725548,0.8167289665725548,0,281.83283950594205,281.0161105393695
rotate,1460731413935,8.167289665725548,0.8167289665725548,0,281.83283950594205,281.0161105393695
rotate,1460731413939,8.167289665725548,0.8167289665725548,0,281.83283950594205,281.0161105393695
rotate,1460731413944,8.167289665725548,0.8167289665725548,0,281.83283950594205,281.0161105393695
rotate,1460731413949,8.167289665725548,0.8167289665725548,0,281.83283950594205,281.0161105393695
rotate,1460731413955,8.167289665725548,0.8167289665725548,0,281.83283950594205,281.0161105393695
rotate,1460731413959,8.167289665725548,0.8167289665725548,0,281.83283950594205,281.0161105393695
rotate,1460731413965,3.863804130035078,0.3863804130035078,0,281.83283950594205,281.44645909293854
rotate,1460731413969,3.863804130035078,0.3863804130035078,0,281.83283950594205,281.44645909293854
rotate,1460731413974,3.863804130035078,0.3863804130035078,0,281.83283950594205,281.44645909293854
rotate,1460731413979,3.863804130035078,0.3863804130035078,0,281.83283950594205,281.44645909293854
rotate,1460731413984,3.863804130035078,0.3863804130035078,0,281.83283950594205,281.44645909293854
rotate,1460731413990,3.863804130035078,0.3863804130035078,0,281.83283950594205,281.44645909293854
rotate,1460731413994,3.863804130035078,0.3863804130035078,0,281.83283950594205,281.44645909293854
rotate,1460731413999,3.863804130035078,0.3863804130035078,0,281.83283950594205,281.44645909293854
rotate,1460731414004,3.863804130035078,0.3863804130035078,0,281.83283950594205,281.44645909293854
rotate,1460731414009,3.863804130035078,0.3863804130035078,0,281.83283950594205,281.44645909293854
rotate,1460731414015,5.229070319218749,0.5229070319218749,0,281.83283950594205,281.3099324740202
rotate,1460731414019,5.229070319218749,0.5229070319218749,0,281.83283950594205,281.3099324740202
rotate,1460731414024,5.229070319218749,0.5229070319218749,0,281.83283950594205,281.3099324740202
rotate,1460731414029,5.229070319218749,0.5229070319218749,0,281.83283950594205,281.3099324740202
rotate,1460731414034,5.229070319218749,0.5229070319218749,0,281.83283950594205,281.3099324740202
rotate,1460731414040,5.229070319218749,0.5229070319218749,0,281.83283950594205,281.3099324740202
rotate,1460731414044,5.229070319218749,0.5229070319218749,0,281.83283950594205,281.3099324740202
rotate,1460731414049,5.229070319218749,0.5229070319218749,0,281.83283950594205,281.3099324740202
rotate,1460731414054,5.229070319218749,0.5229070319218749,0,281.83283950594205,281.3099324740202
rotate,1460731414059,5.229070319218749,0.5229070319218749,0,281.83283950594205,281.3099324740202
rotate,1460731414064,5.229070319218749,0.5229070319218749,0,281.83283950594205,281.3099324740202
rotate,1460731414069,5.229070319218749,0.5229070319218749,0,281.83283950594205,281.3099324740202
rotate,1460731414074,5.229070319218749,0.5229070319218749,0,281.83283950594205,281.3099324740202
rotate,1460731414079,5.229070319218749,0.5229070319218749,0,281.83283950594205,281.3099324740202
rotate,1460731414084,5.229070319218749,0.5229070319218749,0,281.83283950594205,281.3099324740202
rotate,1460731414089,2.2908509727113824,0.22908509727113824,0,281.83283950594205,281.6037544086709
rotate,1460731414094,2.2908509727113824,0.22908509727113824,0,281.83283950594205,281.6037544086709
rotate,1460731414099,2.2908509727113824,0.22908509727113824,0,281.83283950594205,281.6037544086709
rotate,1460731414104,2.2908509727113824,0.22908509727113824,0,281.83283950594205,281.6037544086709
rotate,1460731414109,2.2908509727113824,0.22908509727113824,0,281.83283950594205,281.6037544086709
rotate,1460731414114,2.2908509727113824,0.22908509727113824,0,281.83283950594205,281.6037544086709
rotate,1460731414120,2.2908509727113824,0.22908509727113824,0,281.83283950594205,281.6037544086709
rotate,1460731414124,2.2908509727113824,0.22908509727113824,0,281.83283950594205,281.6037544086709
rotate,1460731414129,2.2908509727113824,0.22908509727113824,0,281.83283950594205,281.6037544086709
rotate,1460731414134,2.2908509727113824,0.22908509727113824,0,281.83283950594205,281.6037544086709
rotate,1460731414139,6.8136986636812935,0.6813698663681294,0,281.83283950594205,281.1514696395739
rotate,1460731414144,6.8136986636812935,0.6813698663681294,0,281.83283950594205,281.1514696395739
rotate,1460731414149,6.8136986636812935,0.6813698663681294,0,281.83283950594205,281.1514696395739
rotate,1460731414154,6.8136986636812935,0.6813698663681294,0,281.83283950594205,281.1514696395739
rotate,1460731414159,6.8136986636812935,0.6813698663681294,0,281.83283950594205,281.1514696395739
rotate,1460731414164,6.8136986636812935,0.6813698663681294,0,281.83283950594205,281.1514696395739
rotate,1460731414170,6.8136986636812935,0.6813698663681294,0,281.83283950594205,281.1514696395739
rotate,1460731414174,6.8136986636812935,0.6813698663681294,0,281.83283950594205,281.1514696395739
rotate,1460731414179,6.8136986636812935,0.6813698663681294,0,281.83283950594205,281.1514696395739
rotate,1460731414184,6.8136986636812935,0.6813698663681294,0,281.83283950594205,281.1514696395739
rotate,1460731414189,6.8136986636812935,0.6813698663681294,0,281.83283950594205,281.1514696395739
rotate,1460731414195,6.8136986636812935,0.6813698663681294,0,281.83283950594205,281.1514696395739
rotate,1460731414199,6.8136986636812935,0.6813698663681294,0,281.83283950594205,281.1514696395739
rotate,1460731414204,6.8136986636812935,0.6813698663681294,0,281.83283950594205,281.1514696395739
rotate,1460731414209,6.8136986636812935,0.6813698663681294,0,281.83283950594205,281.1514696395739
rotate,1460731414214,5.9065920315651965,0.5906592031565197,0,281.83283950594205,281.2421803027855
rotate,1460731414219,5.9065920315651965,0.5906592031565197,0,281.83283950594205,281.2421803027855
rotate,1460731414224,5.9065920315651965,0.5906592031565197,0,281.83283950594205,281.2421803027855
rotate,1460731414229,5.9065920315651965,0.5906592031565197,0,281.83283950594205,281.2421803027855
rotate,1460731414234,5.9065920315651965,0.5906592031565197,0,281.83283950594205,281.2421803027855
rotate,1460731414239,5.9065920315651965,0.5906592031565197,0,281.83283950594205,281.2421803027855
rotate,1460731414244,5.9065920315651965,0.5906592031565197,0,281.83283950594205,281.2421803027855
rotate,1460731414249,5.9065920315651965,0.5906592031565197,0,281.83283950594205,281.2421803027855
rotate,1460731414254,5.9065920315651965,0.5906592031565197,0,281.83283950594205,281.2421803027855
rotate,1460731414259,5.9065920315651965,0.5906592031565197,0,281.83283950594205,281.2421803027855
rotate,1460731414264,5.9065920315651965,0.5906592031565197,0,281.83283950594205,281.2421803027855
rotate,1460731414269,5.9065920315651965,0.5906592031565197,0,281.83283950594205,281.2421803027855
rotate,1460731414274,5.9065920315651965,0.5906592031565197,0,281.83283950594205,281.2421803027855
rotate,1460731414279,5.9065920315651965,0.5906592031565197,0,281.83283950594205,281.2421803027855
rotate,1460731414284,5.9065920315651965,0.5906592031565197,0,281.83283950594205,281.2421803027855
rotate,1460731414289,2.9590433888665757,0.29590433888665757,0,281.83283950594205,281.5369351670554
rotate,1460731414294,2.9590433888665757,0.29590433888665757,0,281.83283950594205,281.5369351670554
rotate,1460731414299,2.9590433888665757,0.29590433888665757,0,281.83283950594205,281.5369351670554
rotate,1460731414304,2.9590433888665757,0.29590433888665757,0,281.83283950594205,281.5369351670554
rotate,1460731414309,2.9590433888665757,0.29590433888665757,0,281.83283950594205,281.5369351670554
rotate,1460731414314,2.9590433888665757,0.29590433888665757,0,281.83283950594205,281.5369351670554
rotate,1460731414319,2.9590433888665757,0.29590433888665757,0,281.83283950594205,281.5369351670554
rotate,1460731414324,2.9590433888665757,0.29590433888665757,0,281.83283950594205,281.5369351670554
rotate,1460731414329,2.9590433888665757,0.29590433888665757,0,281.83283950594205,281.5369351670554
rotate,1460731414334,2.9590433888665757,0.29590433888665757,0,281.83283950594205,281.5369351670554
rotate,1460731414339,2.9590433888665757,0.29590433888665757,0,281.83283950594205,281.5369351670554
rotate,1460731414344,2.9590433888665757,0.29590433888665757,0,281.83283950594205,281.5369351670554
rotate,1460731414349,2.9590433888665757,0.29590433888665757,0,281.83283950594205,281.5369351670554
rotate,1460731414354,2.9590433888665757,0.29590433888665757,0,281.83283950594205,281.5369351670554
rotate,1460731414359,2.9590433888665757,0.29590433888665757,0,281.83283950594205,281.5369351670554
rotate,1460731414364,8.167289665725548,0.8167289665725548,0,281.83283950594205,281.0161105393695
rotate,1460731414369,8.167289665725548,0.8167289665725548,0,281.83283950594205,281.0161105393695
rotate,1460731414374,8.167289665725548,0.8167289665725548,0,281.83283950594205,281.0161105393695
rotate,1460731414379,8.167289665725548,0.8167289665725548,0,281.83283950594205,281.0161105393695
rotate,1460731414384,8.167289665725548,0.8167289665725548,0,281.83283950594205,281.0161105393695
rotate,1460731414389,8.167289665725548,0.8167289665725548,0,281.83283950594205,281.0161105393695
rotate,1460731414394,8.167289665725548,0.8167289665725548,0,281.83283950594205,281.0161105393695
rotate,1460731414399,8.167289665725548,0.8167289665725548,0,281.83283950594205,281.0161105393695
rotate,1460731414404,8.167289665725548,0.8167289665725548,0,281.83283950594205,281.0161105393695
rotate,1460731414409,8.167289665725548,0.8167289665725548,0,281.83283950594205,281.0161105393695
rotate,1460731414414,6.3654389107756515,0.6365438910775651,0,281.83283950594205,281.1962956148645
rotate,1460731414419,6.3654389107756515,0.6365438910775651,0,281.83283950594205,281.1962956148645
rotate,1460731414424,6.3654389107756515,0.6365438910775651,0,281.83283950594205,281.1962956148645
rotate,1460731414429,6.3654389107756515,0.6365438910775651,0,281.83283950594205,281.1962956148645
rotate,1460731414434,6.3654389107756515,0.6365438910775651,0,281.83283950594205,281.1962956148645
rotate,1460731414439,6.3654389107756515,0.6365438910775651,0,281.83283950594205,281.1962956148645
rotate,1460731414444,6.3654389107756515,0.6365438910775651,0,281.83283950594205,281.1962956148645
rotate,1460731414449,6.3654389107756515,0.6365438910775651,0,281.83283950594205,281.1962956148645
rotate,1460731414454,6.3654389107756515,0.6365438910775651,0,281.83283950594205,281.1962956148645
rotate,1460731414459,6.3654389107756515,0.6365438910775651,0,281.83283950594205,281.1962956148645
rotate,1460731414464,6.3654389107756515,0.6365438910775651,0,281.83283950594205,281.1962956148645
rotate,1460731414469,6.3654389107756515,0.6365438910775651,0,281.83283950594205,281.1962956148645
rotate,1460731414474,6.3654389107756515,0.6365438910775651,0,281.83283950594205,281.1962956148645
rotate,1460731414479,6.3654389107756515,0.6365438910775651,0,281.83283950594205,281.1962956148645
rotate,1460731414484,6.3654389107756515,0.6365438910775651,0,281.83283950594205,281.1962956148645
rotate,1460731414489,2.2908509727113824,0.22908509727113824,0,281.83283950594205,281.6037544086709
